Date,SUB-ASSET,PDP Wells Online,PDP Wellhead Prod - Oil (MBbl),PDP Wellhead Prod - Gas (MMcf),PDP WI Prod - NGL - All Streams (MBbl),PDP Wellhead Prod - Water (MBbl),PDP NRI Prod - Oil (MBbl),PDP NRI Prod - Residue Gas - All (MMcf),PDP NRI Prod - NGL - All Streams (MBbl),PDP Opex ($k),Infrastructure / Other Capex,Capex From Prior Periods,BOP Working Capital Balance,Rig Mob / Demob,infra input,agl_opex_per_well_k
44135,Farmar,109,181.6561405,983.0705833,132.7145287,498.4030146,136.1356157,552.5449847,99.45809725,1102.367068,0,10136.43562,0,0,0,11.62
44165,Farmar,109,194.706153,976.067529,131.7691164,366.502446,145.915475,548.6088456,98.74959221,1023.754406,500,0,0,0,500,11.62
44196,Farmar,109,200.5704154,1016.851503,137.274953,306.2019823,150.3102341,571.5319001,102.875742,1010.645929,500,0,0,0,500,11.62
44227,Farmar,109,179.016537,979.274345,132.2020366,318.302668,134.1574605,550.4112697,99.07402855,910.3224892,437.5,0,0,0,437.5,7.25
44255,Farmar,109,136,799.769,107.968815,259.144648,101.9202747,449.5184348,80.91331826,811.2785502,437.5,,0,0,437.5,7.25
44286,Farmar,109,165.858,1076.021937,145.2629614,262.9086905,124.2962715,604.7892538,108.8620657,888.882127,437.5,,0,0,437.5,7.25
44316,Farmar,113,147.98112,981.4242,132.492267,380.1273,110.8990912,551.6196179,99.29153123,983.6988137,437.5,0,0,0,437.5,7.25
44347,Farmar,113,181.0435805,997.04773,134.6014436,390.79561,135.6765548,560.4009845,100.8721772,976.3269368,187.5,0,0,0,187.5,7.25
44377,Farmar,113,184.55517,964.1541,130.1608035,312.981015,138.3081884,541.9127797,97.54430034,926.2162486,187.5,0,0,0,187.5,7.25
44408,Farmar,113,160.4637858,1192.414471,160.9759536,261.1629421,120.253773,670.2088813,120.6375986,853.487217,187.5,0,0,0,187.5,7.25
44439,Farmar,113,150.3812175,1161.386095,156.7871228,234.0640108,112.6977574,652.7690616,117.4984311,843.2840785,187.5,0,0,0,187.5,7.25
44469,Farmar,113,138.5907086,1136.702665,153.4548597,207.2706821,103.8617874,638.8954844,115.0011872,808.7250135,187.5,0,0,0,187.5,7.25
44500,Farmar,113,137.3029082,1157.471318,156.2586279,198.5321084,102.8966921,650.5687204,117.1023697,820.7454694,187.5,0,0,0,187.5,7.25
44530,Farmar,113,127.6691951,1098.673242,148.3208877,179.7635236,95.67705468,617.5206541,111.1537177,789.4453795,187.5,0,0,0,187.5,7.25
44561,Farmar,113,127.2635726,1115.866515,150.6419795,175.074316,95.37307555,627.1843108,112.8931759,811.565775,187.5,0,0,0,187.5,7.25
44592,Farmar,113,123.0586315,1034.389648,139.6426025,166.4437833,92.22183472,581.3893957,104.6500912,803.3265191,187.5,0,0,0,187.5,7.25
44620,Farmar,113,107.8825359,917.3253536,123.8389227,144.2831517,80.84865953,515.5921987,92.80659576,723.0486455,187.5,0,0,0,187.5,7.25
44651,Farmar,113,116.153485,998.1309037,134.747672,153.8387518,87.04702276,561.0097935,100.9817628,798.0333978,187.5,0,0,0,187.5,7.25
44681,Farmar,113,109.3885287,949.0858746,128.1265931,143.8996616,81.97727126,533.4435278,96.01983501,770.2393871,362.5,0,0,175,187.5,7.25
44712,Farmar,113,110.1623053,963.9270432,130.1301508,144.2908781,82.55715009,541.7851601,97.52132881,794.0717356,187.5,0,0,0,187.5,7.25
44742,Farmar,113,104.0310734,917.5102957,123.8638899,135.7077756,77.96232042,515.6961473,92.82530651,766.8118874,187.5,0,0,0,187.5,7.25
44773,Farmar,113,105.0188295,932.2493788,125.8536661,136.6223531,78.7025585,523.9804013,94.31647223,790.8444472,587.5,0,0,400,187.5,7.25
44804,Farmar,113,102.6618669,916.2223811,123.6900215,133.3373732,76.93621818,514.9722616,92.69500708,789.4647318,187.5,0,0,0,187.5,7.25
44834,Farmar,113,97.24404221,872.205477,117.7477394,126.1108557,72.87602569,490.2321056,88.241779,762.7477589,187.5,0,0,0,187.5,7.25
44865,Farmar,113,98.43627995,887.0796574,119.7557537,127.5357493,73.76950509,498.5922924,89.74661263,786.9774914,187.5,0,0,0,187.5,5.5
44895,Farmar,113,93.38710015,845.3697137,114.1249114,120.9376996,69.98558015,475.1487874,85.52678173,760.5183481,187.5,0,0,0,187.5,5.5
44926,Farmar,113,94.66690616,860.6347877,116.1856963,122.546756,70.94468441,483.72868,87.0711624,784.8217132,187.5,0,0,0,187.5,5.5
44957,Farmar,113,92.89892355,847.7856517,114.451063,120.2286401,69.61973388,476.5066903,85.77120425,686.9586138,187.5,0,0,0,187.5,5.5
44985,Farmar,113,82.46219366,754.9174024,101.9138493,106.7061247,61.79830463,424.3091306,76.37564352,619.632943,187.5,0,0,0,187.5,5.5
45016,Farmar,113,89.77012804,824.296329,111.2800044,116.150381,67.27497139,463.3042736,83.39476925,685.1311094,187.5,0,0,0,187.5,5.5
45046,Farmar,113,85.41376752,786.6352073,106.195753,110.5116207,64.01025477,442.1364508,79.58456114,662.2102225,362.5,0,0,175,187.5,5.5
45077,Farmar,113,86.81834545,801.8548234,108.2504012,112.3312934,65.06286483,450.6907934,81.12434281,683.4753842,187.5,0,0,0,187.5,5.5
45107,Farmar,113,82.68080456,765.7334668,103.374018,106.9788322,61.96213465,430.3884115,77.46991406,660.6781183,187.5,0,0,0,187.5,5.5
45138,Farmar,113,84.11257489,780.8807766,105.4189048,108.8311621,63.03512307,438.9021135,79.00238043,594.5150764,587.5,0,0,400,187.5,5.5
45169,Farmar,113,82.82072105,770.5565958,104.0251404,107.1584093,62.06699,433.0993009,77.95787417,593.8011737,187.5,0,0,0,187.5,5.5
45199,Farmar,113,78.96711804,736.2074476,99.38800542,102.1703332,59.17904678,413.7930071,74.48274128,573.9819084,187.5,0,0,0,187.5,5.5
45230,Farmar,113,80.424374,751.2471037,101.418359,104.052895,60.27113449,422.2462013,76.00431623,592.453706,187.5,0,0,0,187.5,2.5
45260,Farmar,113,76.73454888,718.0990419,96.94337066,99.27558403,57.50592868,403.6149905,72.65069829,572.725922,187.5,0,0,0,187.5,2.5
45291,Farmar,113,78.20113537,733.1180115,98.97093155,101.1688813,58.60500881,412.0565576,74.17018037,591.2024239,187.5,0,0,0,187.5,2.5
45322,Farmar,113,77.13096059,724.3251878,97.78390035,99.77972783,57.80300508,407.1144601,73.28060283,590.6092906,187.5,0,0,0,187.5,2.5
45351,Farmar,113,71.21882977,669.8651275,90.43179222,92.12693624,53.37237275,376.5046203,67.77083165,551.9693232,187.5,0,0,0,187.5,2.5
45382,Farmar,113,75.16308468,708.0435281,95.58587629,97.22384886,56.32825175,397.963185,71.63337329,589.4819434,187.5,0,0,0,187.5,2.5
45412,Farmar,113,71.81713822,677.5089003,91.46370155,92.89036803,53.82075335,380.8008818,68.54415872,569.9473256,362.5,0,0,175,187.5,2.5
45443,Farmar,113,73.28945953,692.3392699,93.46580144,94.78878572,54.92413123,389.1364443,70.04455998,588.4260998,187.5,0,0,0,187.5,2.5
45473,Farmar,113,70.06104868,662.710463,89.4659125,90.6073795,52.50471563,372.4832671,67.04698807,568.9574213,187.5,0,0,0,187.5,2.5
45504,Farmar,113,71.53074441,677.4693706,91.45836502,92.50175103,53.60612588,380.7786637,68.54015946,357.9936538,587.5,0,0,400,187.5,2.5
45535,Farmar,113,70.67729378,670.218457,90.47949169,91.39149005,52.96653821,376.7032127,67.80657829,357.5198919,187.5,0,0,0,187.5,2.5
45565,Farmar,113,67.6086936,641.8772259,86.65342549,87.41712656,50.66688693,360.7737308,64.93927154,345.5418228,187.5,0,0,0,187.5,2.5
45596,Farmar,113,69.07083142,656.5081128,88.62859522,89.30094952,51.76263318,368.997172,66.41949096,356.6129747,187.5,0,0,0,187.5,2.5
45626,Farmar,113,66.09822215,628.9488112,84.90808951,85.45111392,49.53491881,353.5071816,63.63129269,344.6889269,187.5,0,0,0,187.5,2.5
45657,Farmar,113,67.55352008,643.4847149,86.87043651,87.32564383,50.62553914,361.6772366,65.10190259,355.7560569,187.5,0,0,0,187.5,2.5
45688,Farmar,113,66.81405443,637.1119805,86.01011736,86.36270327,50.07137339,358.0953753,64.45716756,355.3449387,187.5,0,0,0,187.5,2.5
45716,Farmar,113,59.72924483,570.1084226,76.96463706,77.19891706,44.76191941,320.4353329,57.67835993,320.5952103,187.5,0,0,0,187.5,2.5
45747,Farmar,113,65.46116163,625.4081686,84.43010277,84.6005701,49.05749687,351.5171269,63.27308284,354.5548555,187.5,0,0,0,187.5,2.5
45777,Farmar,113,62.69814702,599.5780526,80.9430371,81.02297981,46.98685564,336.9990431,60.65982776,342.7499699,362.5,0,0,175,187.5,2.5
45808,Farmar,113,64.13211697,613.8545761,82.87036777,82.86910751,48.06149249,345.0233107,62.10419593,353.8046222,187.5,0,0,0,187.5,2.5
45838,Farmar,113,61.44428146,588.6517597,79.46798756,79.38933211,46.0471915,330.8578072,59.5544053,342.0420217,187.5,0,0,0,187.5,2.5
45869,Farmar,113,62.86835527,602.8168094,81.38026927,81.2224453,47.11441205,338.8194199,60.98749558,353.0909829,587.5,0,0,400,187.5,2.5
45900,Farmar,113,62.24936083,597.3929794,80.64805221,80.41571936,46.65052909,335.7709001,60.43876202,352.7469507,187.5,0,0,0,187.5,2.5
45930,Farmar,113,59.66593198,573.0698749,77.36443312,77.07170148,44.71447189,322.0998478,57.97797261,341.0428966,187.5,0,0,0,187.5,2.5
45961,Farmar,113,61.07408127,587.0626876,79.25346283,78.8837919,45.76975838,329.9646529,59.39363751,352.0827965,187.5,0,0,0,187.5,2.5
45991,Farmar,113,58.55478435,563.28375,76.04330625,75.62324541,43.88176254,316.5994551,56.98790192,340.4148996,187.5,0,0,0,187.5,2.5
46022,Farmar,113,59.95192292,577.1604633,77.91666254,77.42088152,44.92879744,324.3990053,58.39182095,351.4485095,187.5,0,0,0,187.5,2.5
46053,Farmar,112,59.40064099,572.2821567,77.25809115,76.70215951,44.51565917,321.6571026,57.89827847,347.1376828,187.5,0,0,0,187.5,2.5
46081,Farmar,112,53.18855108,512.7905483,69.22672402,68.67487345,39.86023336,288.2192291,51.87946124,313.2729492,187.5,0,0,0,187.5,2.5
46112,Farmar,112,58.38487234,563.2706269,76.04153463,75.37777076,43.75442814,316.5920792,56.98657425,346.5445544,187.5,0,0,0,187.5,2.5
46142,Farmar,112,56.009133,540.7208894,72.99732007,72.30424703,41.97401633,303.9177661,54.7051979,335.0877946,362.5,0,0,175,187.5,2.5
46173,Farmar,112,57.3779311,554.3064572,74.83137172,74.06482188,42.99981249,311.5536749,56.07966148,345.9761911,187.5,0,0,0,187.5,2.5
46203,Farmar,112,55.05481847,532.2116537,71.84857325,71.05994408,41.25883986,299.1350622,53.84431119,334.5491188,187.5,0,0,0,187.5,2.5
46234,Farmar,112,56.41186691,545.67719,73.66642065,72.80523837,42.27583067,306.703506,55.20663109,345.4308791,587.5,0,0,400,187.5,2.5
46265,Farmar,112,55.93565775,541.4122073,73.09064799,72.18436203,41.91895296,304.3063285,54.77513912,345.1663816,187.5,0,0,0,187.5,2.5
46295,Farmar,112,53.68684457,519.9603826,70.19465165,69.27639447,40.23366137,292.2491086,52.60483955,333.7810477,187.5,0,0,0,187.5,2.5
46326,Farmar,112,55.02615903,533.2471091,71.98835973,70.99859899,41.23736208,299.7170506,53.9490691,344.6528146,187.5,0,0,0,187.5,2.5
46356,Farmar,112,52.82366847,512.1986399,69.14681639,68.15106062,39.5867853,287.8865409,51.81957736,333.2936282,187.5,0,0,0,187.5,2.5
46387,Farmar,112,54.15117532,525.366414,70.92446589,69.85792195,40.58163723,295.2876244,53.1517724,344.1587275,187.5,0,0,0,187.5,2.5
46418,Farmar,112,53.71899318,521.4658564,70.39789062,69.29456877,40.25775398,293.0952757,52.75714963,343.9185986,0,0,0,0,0,2.5
46446,Farmar,112,48.15566782,467.70413,63.14005755,62.11324548,36.08852127,262.8779416,47.31802948,310.4232512,0,0,0,0,0,2.5
46477,Farmar,112,52.91857177,514.2244195,69.42029663,68.25128829,39.65790714,289.0251512,52.02452722,343.4514471,0,0,0,0,0,2.5
46507,Farmar,112,50.82152733,494.1010756,66.70364521,65.54139878,38.08635313,277.7146177,49.98863119,332.1524072,0,0,0,0,0,2.5
46538,Farmar,112,52.11974233,506.9777296,68.44199349,67.21031444,39.05925334,284.9520742,51.29137336,343.00088,0,0,0,0,0,2.5
46568,Farmar,112,50.06204607,487.201973,65.77226635,64.55179847,37.5171874,273.8369058,49.29064304,331.7240416,0,0,0,0,0,2.5
46599,Farmar,112,51.3485326,499.9625337,67.49494206,66.20554474,38.48129814,281.0091109,50.58163996,342.5659297,0,0,0,0,0,2.5
46630,Farmar,112,50.96666485,496.4818853,67.02505451,65.70811777,38.19512119,279.0527764,50.22949976,342.3540303,0,0,0,0,0,2.5
46660,Farmar,112,48.96514833,477.2044684,64.42260323,63.12295893,36.69515712,268.217705,48.27918689,331.1087504,0,0,0,0,0,2.5
46691,Farmar,112,50.23421805,489.7940803,66.12220084,64.75416561,37.64621546,275.2938265,49.55288877,341.9408658,0,0,0,0,0,2.5
46721,Farmar,112,48.26806883,470.8313514,63.56223245,62.21517533,36.17275613,264.6356287,47.63441317,330.7155441,0,0,0,0,0,2.5
46752,Farmar,112,49.52558755,483.3064857,65.24637557,63.83148262,37.115158,271.6474069,48.89653324,341.5412039,0,0,0,0,0,2.5
46783,Farmar,112,49.17414787,480.0822251,64.81110039,63.37399106,36.85178426,269.8351779,48.57033202,361.3733097,0,0,0,0,0,2.5
46812,Farmar,112,45.68854979,446.2326633,60.24140954,58.87783663,34.239629,250.8096817,45.14574271,337.7487083,0,0,0,0,0,2.5
46843,Farmar,112,48.50988815,473.9754714,63.98668863,62.50946729,36.35397887,266.4028138,47.95250649,360.7153387,0,0,0,0,0,2.5
46873,Farmar,112,46.62570725,455.7450507,61.52558185,60.07752698,34.94194772,256.1562174,46.10811913,348.7684069,0,0,0,0,0,2.5
46904,Farmar,112,47.85498463,467.9410974,63.17204815,61.65743283,35.86318514,263.0111316,47.34200368,360.0776304,0,0,0,0,0,2.5
46934,Farmar,112,46.00158649,449.9880943,60.74839273,59.26562153,34.47422302,252.9204605,45.5256829,348.1606835,0,0,0,0,0,2.5
46965,Farmar,112,47.2196707,462.0726621,62.37980938,60.83114596,35.38707212,259.7127168,46.74828902,359.4591147,0,0,0,0,0,2.5
46996,Farmar,112,46.90391374,459.1496985,61.98520929,60.42066062,35.1504395,258.0698349,46.45257028,359.1567326,0,0,0,0,0,2.5
47026,Farmar,112,45.09455987,441.590922,59.61477447,58.08649856,33.79448478,248.2007431,44.67613375,347.2826757,0,0,0,0,0,2.5
47057,Farmar,112,46.29592093,453.5087973,61.22368763,59.63064933,34.69480131,254.8993081,45.88187545,358.565105,0,0,0,0,0,2.5
47087,Farmar,112,44.51458364,436.2037737,58.88750945,57.33307669,33.35984259,245.1728406,44.13111131,346.718355,0,0,0,0,0,2.5
47118,Farmar,112,45.70506514,448.0111103,60.48149989,58.86322139,34.25200584,251.8092762,45.32566972,357.9902276,0,0,0,0,0,2.5
47149,Farmar,112,45.41089578,445.2673888,60.11109749,58.48132686,34.03155126,250.2671392,45.04808506,357.7087666,0,0,0,0,0,2.5
47177,Farmar,112,40.76679161,399.8466747,53.97930108,52.49803398,30.55119558,224.7379573,40.45283231,322.84104,0,0,0,0,0,2.5
47208,Farmar,112,44.86209445,440.1378803,59.41861383,57.76916828,33.62027198,247.3840459,44.52912826,357.1572804,0,0,0,0,0,2.5
47238,Farmar,112,43.14556101,423.4173228,57.16133858,55.55628935,32.33387816,237.9860837,42.83749507,345.3745618,0,0,0,0,0,2.5
47269,Farmar,112,44.30904965,434.9552977,58.71896518,57.05210333,33.20581259,244.4711218,44.00480192,356.6203641,0,0,0,0,0,2.5
47299,Farmar,112,42.61725175,418.4598917,56.49208539,54.87170232,31.93795592,235.1997084,42.3359475,344.861733,0,0,0,0,0,2.5
47330,Farmar,112,43.77015845,429.8915368,58.03535747,56.35386703,32.80196009,241.6249827,43.49249688,356.0971987,0,0,0,0,0,2.5
47361,Farmar,112,43.50140275,427.3623999,57.69392398,56.00550085,32.60055087,240.2034551,43.23662191,355.8404727,0,0,0,0,0,2.5
47391,Farmar,112,41.84512678,411.1930642,55.51106367,53.87113839,31.35931482,231.1153128,41.60075631,344.116308,0,0,0,0,0,2.5
47422,Farmar,112,42.98168944,422.4649951,57.03277435,55.33236662,32.21107055,237.4508181,42.74114726,355.3362739,0,0,0,0,0,2.5
47452,Farmar,112,41.34810548,406.5045076,54.87810852,53.22757485,30.98684021,228.4800611,41.12641099,343.6341833,0,0,0,0,0,2.5
47483,Farmar,112,42.47394245,417.668541,56.38525303,54.67513466,31.83055796,234.7549215,42.25588587,354.8439314,0,0,0,0,0,2.5
47514,Farmar,112,42.22028876,415.2683482,56.061227,54.34696538,31.64046638,233.4058683,42.01305629,354.602031,0,0,0,0,0,2.5
47542,Farmar,112,37.91880116,373.0380641,50.36013865,48.80867254,28.41687228,209.6699005,37.7405821,320.0697082,0,0,0,0,0,2.5
47573,Farmar,112,41.74540357,410.7678099,55.45365434,53.7328725,31.28458087,230.8762942,41.55773296,354.1264627,0,0,0,0,0,2.5
47603,Farmar,112,40.1650465,395.2977547,53.36519688,51.69744355,30.1002395,222.1811897,39.99261415,342.4767893,0,0,0,0,0,2.5
47634,Farmar,112,41.26502151,406.2033913,54.83745783,53.1120452,30.92457594,228.3108156,41.0959468,353.6614886,0,0,0,0,0,2.5
47664,Farmar,112,39.70510471,390.9224932,52.77453658,51.10324901,29.75555278,219.7220288,39.54996518,342.0317645,0,0,0,0,0,2.5
47695,Farmar,112,40.79470535,401.7244441,54.23279995,52.50468429,30.57211452,225.793377,40.64280786,353.2066366,0,0,0,0,0,2.5
47726,Farmar,112,40.55947165,399.4804384,53.92985918,52.20106526,30.39582715,224.5321104,40.41577987,352.9828833,0,0,0,0,0,2.5
47756,Farmar,112,39.02948082,384.4775611,51.90447075,50.23120643,29.24923093,216.0995881,38.89792586,341.3821125,0,0,0,0,0,2.5
47787,Farmar,112,40.10389738,395.1277383,53.34224467,51.61328886,30.05441351,222.0856303,39.97541345,352.5424887,0,0,0,0,0,2.5
47817,Farmar,112,38.59322963,380.1950522,51.32633205,49.65408137,28.92229827,213.6925597,38.46466074,340.9603891,0,0,0,0,0,2.5
47848,Farmar,111,39.19300204,387.4338415,52.30356861,50.57384802,29.37177599,217.7611961,39.19701529,349.1994351,0,0,0,0,0,2.5
47879,Farmar,111,38.97189063,385.3074485,52.01650554,50.28803334,29.20607205,216.5660349,38.98188628,348.9887847,0,0,0,0,0,2.5
47907,Farmar,111,35.01222449,346.2059073,46.73779749,45.17816755,26.23864366,194.5886094,35.02594969,315.0272511,0,0,0,0,0,2.5
47938,Farmar,111,38.55710908,381.307221,51.47647484,49.75183762,28.89522903,214.3176657,38.57717982,348.5735382,0,0,0,0,0,2.5
47968,Farmar,111,37.10866114,367.0291811,49.54893944,47.88237044,27.80974219,206.2925457,37.13265823,337.1311519,0,0,0,0,0,2.5
47999,Farmar,110,37.78232812,373.7731784,50.45937908,48.84205499,28.31459751,210.0830791,37.81495424,345.3315239,0,0,0,0,0,2.5
48029,Farmar,110,36.35311113,359.7872929,48.57128454,47.00874486,27.24352259,202.2221676,36.39999017,333.9987721,0,0,0,0,0,2.5
48060,Farmar,110,37.36106142,369.8014741,49.923199,48.31168679,27.99889444,207.8507416,37.4131335,344.934392,0,0,0,0,0,2.5
48091,Farmar,110,37.15592957,367.806364,49.65385914,48.04595088,27.8451658,206.7293694,37.2112865,344.7384705,0,0,0,0,0,2.5
48121,Farmar,110,35.76374212,354.0558246,47.79753633,46.24526006,26.80184133,199.0007366,35.82013259,333.4299022,0,0,0,0,0,2.5
48152,Farmar,110,36.75738577,363.9222964,49.12951002,47.52966473,27.54649158,204.5462891,36.81833203,344.3516076,0,0,0,0,0,2.5
48182,Farmar,110,35.38101924,350.322548,47.29354398,45.7495482,26.51502353,196.9024099,35.44243378,333.0585957,0,0,0,0,0,2.5
48213,Farmar,110,36.3649353,360.0906186,48.61223351,47.02142608,27.25238378,202.3926549,36.43067789,343.9710222,0,0,0,0,0,2.5
48244,Farmar,110,36.16786837,358.1633073,48.35204649,46.76624802,27.10469911,201.3093897,36.23569015,343.7830042,0,0,0,0,0,2.5
48273,Farmar,110,33.65740621,333.3225335,44.99854203,43.51984349,25.22332417,187.347376,33.72252768,321.4289549,0,0,0,0,0,2.5
48304,Farmar,110,35.79088284,354.4700255,47.85345345,46.27824622,26.82218096,199.2335425,35.86203765,343.4113916,0,0,0,0,0,2.5
48334,Farmar,110,34.45302995,341.2367224,46.06695753,44.54812928,25.81957556,191.7956277,34.52321298,332.1558746,0,0,0,0,0,2.5
48365,Farmar,110,35.41351533,350.7649201,47.35326421,45.78975852,26.53937654,197.1510497,35.48718894,343.0454629,0,0,0,0,0,2.5
48395,Farmar,110,34.09052205,337.6743405,45.58603596,44.07886278,25.54790714,189.7933541,34.16280373,331.8043847,0,0,0,0,0,2.5
48426,Farmar,110,35.04153669,347.1069308,46.85943566,45.30828115,26.26061063,195.095039,35.11710701,342.6849207,0,0,0,0,0,2.5
48457,Farmar,110,34.85461156,345.2661657,46.61093237,45.06633923,26.12052635,194.0604179,34.93087523,342.5066111,0,0,0,0,0,2.5
48487,Farmar,110,33.55363462,332.3874252,44.8723024,43.38396177,25.1455563,186.8217887,33.62792196,331.2866836,0,0,0,0,0,2.5
48518,Farmar,110,34.49079495,341.6788932,46.12665059,44.59547817,25.84787717,192.0441544,34.56794778,342.153764,0,0,0,0,0,2.5
48548,Farmar,110,33.20383672,328.9366782,44.40645156,42.93134055,24.88341294,184.8822607,33.27880692,330.9475742,0,0,0,0,0,2.5
48579,Farmar,110,34.13160558,338.1340891,45.64810203,44.13082206,25.57869571,190.0517605,34.2093169,341.805728,0,0,0,0,0,2.5
48610,Farmar,110,33.95084707,336.3488708,45.40709756,43.89705821,25.44323279,189.0483601,34.02870482,341.6334607,0,0,0,0,0,2.5
48638,Farmar,110,30.51102749,302.274113,40.80700526,39.44956786,22.86538458,169.8962902,30.58133224,308.4176025,0,0,0,0,0,2.5
48669,Farmar,110,33.61037062,332.9822461,44.95260322,43.45706104,25.18807504,187.1561139,33.6881005,341.2923329,0,0,0,0,0,2.5
48699,Farmar,110,32.35735114,320.5710967,43.27709806,41.83692612,24.24904497,180.1802991,32.43245384,330.1193819,0,0,0,0,0,2.5
48730,Farmar,110,33.262484,329.5410415,44.4880406,43.0072779,24.92736402,185.2219493,33.33995087,340.9554134,0,0,0,0,0,2.5
48760,Farmar,110,32.0227006,317.2600673,42.83010908,41.40425292,23.99825325,178.3193008,32.09747414,329.7952931,0,0,0,0,0,2.5
48791,Farmar,110,32.91875366,326.1393361,44.02881037,42.56279561,24.66976776,183.3099856,32.99579741,340.6225119,0,0,0,0,0,2.5
48822,Farmar,110,32.74562321,324.4256957,43.79746892,42.33892471,24.54002142,182.3468163,32.82242693,340.4575254,0,0,0,0,0,2.5
48852,Farmar,110,31.52551638,312.338364,42.16567914,40.7613822,23.62565654,175.5530066,31.59954118,329.3162883,0,0,0,0,0,2.5
48883,Farmar,110,32.40805561,321.082477,43.3461344,41.90244807,24.28704361,180.4677257,32.48419062,340.1303883,0,0,0,0,0,2.5
48913,Farmar,110,31.2005318,309.1196874,41.7311578,40.34113253,23.38210861,173.7439161,31.2739049,329.0014567,0,0,0,0,0,2.5
48944,Farmar,110,32.07396934,317.773899,42.89947636,41.47041854,24.03667474,178.6081052,32.14945893,339.8068409,0,0,0,0,0,2.5
48975,Farmar,110,31.90559321,316.106188,42.67433539,41.25267309,23.91049135,177.670751,31.98073518,339.646392,0,0,0,0,0,2.5
49003,Farmar,110,28.67401334,284.0894493,38.35207565,37.07432839,21.48870085,159.675412,28.74157416,306.6332548,0,0,0,0,0,2.5
49034,Farmar,110,31.58772408,312.9574014,42.24924919,40.84158971,23.67227585,175.9009429,31.66216973,339.3281121,0,0,0,0,0,2.5
49064,Farmar,110,30.41101831,301.2991815,40.6753895,39.32010737,22.79043632,169.3483199,30.48269758,328.2292976,0,0,0,0,0,2.5
49095,Farmar,110,31.26261034,309.7363242,41.81440377,40.42112099,23.42863113,174.0905032,31.33629057,339.013293,0,0,0,0,0,2.5
49125,Farmar,110,30.09811249,298.1988035,40.25683848,38.91541941,22.55594039,167.6057204,30.16902967,327.9262882,0,0,0,0,0,2.5
49156,Farmar,110,30.94114926,306.5505743,41.38432753,40.00532868,23.18772376,172.2999195,31.01398552,338.7018819,0,0,0,0,0,2.5
49187,Farmar,110,30.77915733,304.9449795,41.16757223,39.79579039,23.06632478,171.3974783,30.8515461,338.5474291,0,0,0,0,0,2.5
49217,Farmar,110,29.63280811,293.5870481,39.6342515,38.31356023,22.20723487,165.0136356,29.70245441,327.4778535,0,0,0,0,0,2.5
49248,Farmar,110,30.46274265,301.8092401,40.74424741,39.38658121,22.82919926,169.6350036,30.53430065,338.2409297,0,0,0,0,0,2.5
49278,Farmar,110,29.32812191,290.5676292,39.22662995,37.91957475,21.97889884,163.31654,29.3969772,327.1827754,0,0,0,0,0,2.5
49309,Farmar,110,30.14952303,298.7052598,40.32521007,38.98155737,22.59446816,167.8903794,30.22026829,337.9375891,0,0,0,0,0,2.5
49340,Farmar,110,29.99158216,297.140082,40.11391107,38.77730713,22.47610509,167.010655,30.06191791,337.7870893,0,0,0,0,0,2.5
49368,Farmar,110,26.95410574,267.0461093,36.05122476,34.84999759,20.19977839,150.0960266,27.01728478,304.9627777,0,0,0,0,0,2.5
49399,Farmar,110,29.69326728,294.1838182,39.71481545,38.39152557,22.25254381,165.3490564,29.76283015,337.488404,0,0,0,0,0,2.5
49429,Farmar,110,28.58730659,283.2262353,38.23554176,36.96154933,21.42372162,159.1902336,28.65424205,326.4582711,0,0,0,0,0,2.5
49460,Farmar,110,29.38795952,291.1582636,39.30636559,37.99670255,22.02374196,163.6485122,29.45673219,337.1927831,0,0,0,0,0,2.5
49490,Farmar,110,28.29337038,280.313375,37.84230563,36.58143284,21.20344177,157.5530304,28.35954548,326.1736585,0,0,0,0,0,2.5
49521,Farmar,110,29.08579096,288.1638262,38.90211654,37.60594093,21.79729268,161.9654577,29.15378238,336.9001963,0,0,0,0,0,2.5
49552,Farmar,110,28.93342258,286.6538853,38.69827452,37.4089002,21.68310571,161.1167798,29.00102036,336.7550307,0,0,0,0,0,2.5
49582,Farmar,110,27.85576323,275.9767736,37.25686443,36.01552517,20.87549294,155.1155987,27.92080777,325.7522042,0,0,0,0,0,2.5
49613,Farmar,110,28.63592763,283.7057744,38.30027955,37.02418504,21.4601589,159.4597636,28.70275744,336.4669351,0,0,0,0,0,2.5
49643,Farmar,110,27.56934884,273.1384724,36.87369378,35.64514001,20.66085005,153.5203022,27.6336544,325.4748358,0,0,0,0,0,2.5
49674,Farmar,110,28.34149157,280.7879842,37.90637786,36.64342726,21.23950446,157.8197894,28.40756209,336.1817947,0,0,0,0,0,2.5
49705,Farmar,110,28.19302229,279.3166925,37.70775348,36.45143093,21.12823953,156.9928347,28.25871024,336.0403219,0,0,0,0,0,2.5
49734,Farmar,110,26.2403964,259.97112,35.0961012,33.92680151,19.66491477,146.1194557,26.30150202,314.2286392,0,0,0,0,0,2.5
49765,Farmar,110,27.90786829,276.4908965,37.32627102,36.0826789,20.91454119,155.4045668,27.97282203,335.7595619,0,0,0,0,0,2.5
49795,Farmar,110,26.86840695,266.1923306,35.93596463,34.73870338,20.13555454,149.6161514,26.93090726,324.7938012,0,0,0,0,0,2.5
49826,Farmar,110,27.62091822,273.6473095,36.94238679,35.71160586,20.69949686,153.8062994,27.68513389,335.4816767,0,0,0,0,0,2.5
49856,Farmar,110,26.59214469,263.4546602,35.56637912,34.38145217,19.92851979,148.0774154,26.65393478,324.5262646,0,0,0,0,0,2.5
49887,Farmar,110,27.33691861,270.8329682,36.56245071,35.3443498,20.48666364,152.2244698,27.40040456,335.2066455,0,0,0,0,0,2.5
49918,Farmar,110,27.19371192,269.4138405,36.37086847,35.15916166,20.37934256,151.4268344,27.25683019,335.0701904,0,0,0,0,0,2.5
49948,Farmar,110,26.1808502,259.3788773,35.01614843,33.84958555,19.62029003,145.7865795,26.24158431,324.1300988,0,0,0,0,0,2.5
49979,Farmar,110,26.9141049,266.6430394,35.99681032,34.79758821,20.16980121,149.869477,26.97650585,334.7993791,0,0,0,0,0,2.5
50009,Farmar,110,25.91165748,256.7112816,34.65602301,33.50148007,19.41855329,144.2872298,25.97170136,323.8693733,0,0,0,0,0,2.5
50040,Farmar,110,26.63737283,263.9007353,35.62659927,34.439734,19.96241438,148.3281366,26.69906459,334.5313486,0,0,0,0,0,2.5
50071,Farmar,110,26.49783079,262.5179323,35.43992086,34.25928671,19.85783965,147.5509179,26.55916521,334.3983646,0,0,0,0,0,2.5
50099,Farmar,110,23.81419334,235.9304502,31.85061078,30.78956027,17.84668476,132.6071487,23.86928676,301.9177368,0,0,0,0,0,2.5
50130,Farmar,110,26.23426717,259.9061327,35.08732791,33.91846329,19.66032145,146.0829289,26.2949272,334.1344482,0,0,0,0,0,2.5
50160,Farmar,110,25.25714113,250.2253077,33.78041654,32.65510096,18.92804972,140.6417211,25.3155098,323.2291987,0,0,0,0,0,2.5
50191,Farmar,110,25.96452528,257.233116,34.72647066,33.56965191,19.45817315,144.5805322,26.0244958,333.873238,0,0,0,0,0,2.5
50221,Farmar,110,24.99744611,247.6518542,33.43300031,32.31928216,18.73343069,139.195285,25.05515129,322.9777142,0,0,0,0,0,2.5
50252,Farmar,110,25.69755691,254.5875906,34.36932474,33.22442845,19.25810338,143.0935873,25.75684572,333.614707,0,0,0,0,0,2.5
50283,Farmar,110,25.5629382,253.2535881,34.1892344,33.05035017,19.15721826,142.3437974,25.62188354,333.486439,0,0,0,0,0,2.5
50313,Farmar,110,24.61081662,243.8205537,32.91577475,31.81932344,18.44368523,137.0418629,24.66753533,322.6053191,0,0,0,0,0,2.5
50344,Farmar,110,25.300099,250.6489912,33.83761381,32.69630753,18.96024294,140.8798568,25.35837423,333.231877,0,0,0,0,0,2.5
50374,Farmar,110,24.35776718,241.3129715,32.57725115,31.47806277,18.25404649,135.6324504,24.41384107,322.3602366,0,0,0,0,0,2.5
50405,Farmar,110,25.03996233,248.0711819,33.48960956,32.35970279,18.76529294,139.4309724,25.09757504,332.9799276,0,0,0,0,0,2.5
50436,Farmar,110,24.90878852,246.7713251,33.31412889,32.19020885,18.66698947,138.7003745,24.96606741,332.8549234,0,0,0,0,0,2.5
50464,Farmar,110,22.38608556,221.7786407,29.94011649,28.93008223,16.7764411,124.6529778,22.43753601,300.5308291,0,0,0,0,0,2.5
50495,Farmar,110,24.6610306,244.316192,32.98268592,31.87007245,18.48131627,137.3204415,24.71767948,332.6068413,0,0,0,0,0,2.5
50525,Farmar,110,23.74250166,235.2160531,31.75416717,30.68305765,17.79295803,132.2056144,23.79701059,321.7584747,0,0,0,0,0,2.5
50556,Farmar,110,24.40746492,241.8035139,32.64347437,31.5424311,18.29129065,135.9081648,24.46346967,332.3613043,0,0,0,0,0,2.5
50586,Farmar,110,23.49838034,232.7969659,31.4275904,30.36761946,17.61001014,130.8459414,23.55226946,321.5220797,0,0,0,0,0,2.5
50617,Farmar,110,24.15650642,239.316678,32.30775153,31.21815809,18.1032189,134.510413,24.21187434,332.1182855,0,0,0,0,0,2.5
50648,Farmar,110,24.02996069,238.0626944,32.13846374,31.05464334,18.00838378,133.8055986,24.08500774,331.9977146,0,0,0,0,0,2.5
50678,Farmar,110,23.13493671,229.1954825,30.94139014,29.89799957,17.33764048,128.8216905,23.18790428,321.1720278,0,0,0,0,0,2.5
50709,Farmar,110,23.78288374,235.6143318,31.8079348,30.73538505,17.82322091,132.4294711,23.83730479,331.7584257,0,0,0,0,0,2.5
50739,Farmar,110,22.89706244,226.8383153,30.62317256,29.59063219,17.15937422,127.4968203,22.94942765,320.9416472,0,0,0,0,0,2.5
50770,Farmar,110,23.53834726,233.19115,31.48080525,30.4194089,17.6399619,131.0674967,23.5921494,331.5215924,0,0,0,0,0,2.5
50801,Farmar,110,23.41503983,231.9692639,31.31585063,30.26007785,17.54755361,130.380723,23.46853013,331.4040888,0,0,0,0,0,2.5
50829,Farmar,110,21.04362024,208.4757146,28.14422148,27.19542904,15.77037908,117.1759307,21.09166753,299.2271378,0,0,0,0,0,2.5
50860,Farmar,110,23.18213975,229.6613996,31.00428895,29.95913688,17.37301509,129.083564,23.23504152,331.1708915,0,0,0,0,0,2.5
50890,Farmar,110,22.31869389,221.1071148,29.8494605,28.84329572,16.72593685,124.2755398,22.36959716,320.3759908,0,0,0,0,0,2.5
50921,Farmar,110,22.94378019,227.2994421,30.68542469,29.65114098,17.19438514,127.7560013,22.99608024,330.9400867,0,0,0,0,0,2.5
50951,Farmar,110,22.08921231,218.8331342,29.54247312,28.54677126,16.5539602,122.9974255,22.13953659,320.1537802,0,0,0,0,0,2.5
50982,Farmar,110,22.70787147,224.9617767,30.36983985,29.34631144,17.01759189,126.4420923,22.75957662,330.7116514,0,0,0,0,0,2.5
51013,Farmar,110,22.58891458,223.783012,30.21070663,29.19260106,16.92844396,125.7795555,22.64031998,330.5983108,0,0,0,0,0,2.5
51043,Farmar,110,21.7475641,215.4476823,29.08543711,28.10530987,16.29792431,121.0945972,21.7970275,319.8247315,0,0,0,0,0,2.5
51074,Farmar,110,22.35665462,221.4815121,29.90000413,28.89248556,16.75438515,124.4859736,22.40747525,330.3733811,0,0,0,0,0,2.5
51104,Farmar,109,21.52395494,213.2319074,28.7863075,27.81637229,16.13034853,119.849198,21.57285564,315.7003584,0,0,0,0,0,2.5
51135,Farmar,109,22.12678279,219.2036824,29.59249712,28.5954554,16.58211603,123.2056959,22.17702526,326.1129938,0,0,0,0,0,2.5
51166,Farmar,109,22.01087,218.0550899,29.43743714,28.44567787,16.49524939,122.5601176,22.06082117,326.0028523,0,0,0,0,0,2.5
51195,Farmar,109,20.48641516,202.9525227,27.39859056,26.4755732,15.35280192,114.0715636,20.53288144,304.867906,0,0,0,0,0,2.5
51226,Farmar,109,21.78824484,215.8490771,29.13962541,28.15801085,16.32841102,121.3202053,21.83763696,325.7842688,0,0,0,0,0,2.5
51256,Farmar,109,20.97671627,207.8092664,28.05425097,27.10925342,15.72024032,116.8013466,21.02424239,315.1701455,0,0,0,0,0,2.5
51287,Farmar,109,21.56421745,213.6291754,28.83993868,27.86853148,16.16052181,120.0724866,21.61304759,325.5679258,0,0,0,0,0,2.5
51317,Farmar,109,20.76103305,205.6720504,27.76572681,26.83055583,15.55860435,115.6001023,20.80801841,314.9618589,0,0,0,0,0,2.5
51348,Farmar,109,21.34249354,211.4321048,28.54333415,27.58202811,15.99435886,118.8376004,21.39076806,325.3538017,0,0,0,0,0,2.5
51379,Farmar,109,21.23068934,210.3242349,28.39377171,27.43755872,15.91057125,118.2149106,21.27868391,325.2475663,0,0,0,0,0,2.5
51409,Farmar,109,20.43992759,202.4902105,27.33617842,26.41563484,15.31796349,113.8117163,20.48610893,314.6534271,0,0,0,0,0,2.5
51440,Farmar,109,21.0123948,208.1611546,28.10175587,27.15548599,15.74697831,116.999129,21.05984322,325.0367285,0,0,0,0,0,2.5
51470,Farmar,109,20.2297637,200.4076995,27.05503943,26.14406803,15.16046377,112.6412194,20.27541949,314.450441,0,0,0,0,0,2.5
51501,Farmar,109,20.79634479,206.0203209,27.81274332,26.87631311,15.58506745,115.7958513,20.84325323,324.8280557,0,0,0,0,0,2.5
51532,Farmar,109,20.68740165,204.9408084,27.66700914,26.73554012,15.50342396,115.1891001,20.73403802,324.7245235,0,0,0,0,0,2.5
51560,Farmar,109,18.59223086,184.1846687,24.86493027,24.02784579,13.93327409,103.5228972,18.6341215,293.2065377,0,0,0,0,0,2.5
51591,Farmar,109,20.48163249,202.9018555,27.39175049,26.4696512,15.34921772,114.0430855,20.5277554,324.5190537,0,0,0,0,0,2.5
51621,Farmar,109,19.71877027,195.3442959,26.37147995,25.48377746,14.77751825,109.7952811,19.76315059,313.9520423,0,0,0,0,0,2.5
51652,Farmar,109,20.27103983,200.8151121,27.11004013,26.19752907,15.19139668,112.8702099,20.31663777,324.3156919,0,0,0,0,0,2.5
51682,Farmar,109,19.51602138,193.3352785,26.10026259,25.22179064,14.62557544,108.666092,19.55989657,313.7562515,0,0,0,0,0,2.5
51713,Farmar,109,20.06261251,198.7498303,26.83122709,25.9282045,15.03519837,111.7093968,20.10769143,324.1144156,0,0,0,0,0,2.5
51744,Farmar,109,19.9575131,197.7084147,26.69063598,25.79239752,14.95643543,111.1240585,20.00233052,324.0145541,0,0,0,0,0,2.5
51774,Farmar,109,19.21417233,190.3442977,25.69648018,24.83174839,14.3993656,106.9849803,19.25729646,313.4663259,0,0,0,0,0,2.5
51805,Farmar,109,19.75230949,195.6750843,26.41613638,25.52723792,14.80265301,109.9812041,19.79661674,323.8163664,0,0,0,0,0,2.5
51835,Farmar,109,19.01661178,188.3867036,25.43220499,24.57646477,14.251311,105.8846944,19.05924499,313.2755194,0,0,0,0,0,2.5
51866,Farmar,109,19.5492158,193.6626661,26.14445992,25.2648043,14.6504518,108.8501036,19.59301865,323.6202145,0,0,0,0,0,2.5
51897,Farmar,109,19.44680589,192.6479069,26.00746743,25.13247208,14.57370439,108.2797477,19.49035459,323.5228936,0,0,0,0,0,2.5
51925,Farmar,109,17.47727972,173.1367773,23.37346494,22.58713162,13.09771434,97.31331566,17.51639682,292.1267757,0,0,0,0,0,2.5
51956,Farmar,109,19.25337652,190.7312581,25.74871985,24.88252592,14.42874576,107.2024755,19.29644559,323.3297528,0,0,0,0,0,2.5
51986,Farmar,109,18.53626216,183.6270224,24.78964803,23.95576535,13.89133038,103.2094664,18.57770395,312.8070239,0,0,0,0,0,2.5
52017,Farmar,109,19.05541291,188.7696856,25.48390756,24.62672028,14.2803891,106.0999534,19.09799161,323.1385915,0,0,0,0,0,2.5
52047,Farmar,109,18.34567194,181.7385135,24.53469932,23.70948731,13.74849944,102.1480104,18.38664187,312.6229812,0,0,0,0,0,2.5
52078,Farmar,109,18.85948478,186.8282872,25.22181877,24.37354446,14.13355786,105.0087703,18.90157866,322.9493927,0,0,0,0,0,2.5
52109,Farmar,109,18.76068809,185.8493397,25.08966086,24.24588049,14.05951826,104.4585428,18.8025377,322.8555234,0,0,0,0,0,2.5
52139,Farmar,109,18.0619245,178.9269431,24.15513731,23.34283207,13.53585519,100.5677382,18.10219287,312.3504547,0,0,0,0,0,2.5
52170,Farmar,109,18.56779035,183.9379762,24.83162678,23.99661991,13.91495803,103.3842411,18.6091634,322.6692277,0,0,0,0,0,2.5
52200,Farmar,109,17.87621146,177.0867729,23.90671435,23.10285531,13.39667929,99.53345152,17.91602127,312.1710942,0,0,0,0,0,2.5
52231,Farmar,109,18.376876,182.0462704,24.5762465,23.74992186,13.77188419,102.3209883,18.4177779,322.484844,0,0,0,0,0,2.5
52262,Farmar,109,18.28060751,181.0923803,24.44747134,23.62552431,13.69973925,101.7848445,18.32127202,322.3933618,0,0,0,0,0,2.5
52290,Farmar,109,16.42919117,162.7515804,21.97146336,21.23280294,12.31226233,91.47620836,16.46571751,291.1118016,0,0,0,0,0,2.5
52321,Farmar,109,18.09877792,179.2906993,24.20424441,23.39056496,13.56347365,100.7721911,18.1389944,322.2118098,0,0,0,0,0,2.5
52351,Farmar,109,17.42466796,172.6125953,23.30270037,22.51937314,13.05828636,97.01869372,17.46336487,311.7307085,0,0,0,0,0,2.5
52382,Farmar,109,17.912686,177.4467892,23.95531655,23.15009748,13.4240138,99.7358024,17.95244443,322.032118,0,0,0,0,0,2.5
52412,Farmar,109,17.24550726,170.8373662,23.06304443,22.28786197,12.92402086,96.02090784,17.28376341,311.557708,0,0,0,0,0,2.5
52443,Farmar,109,17.72850749,175.6218432,23.70894883,22.91210213,13.28598789,98.7100726,17.76781307,321.8542695,0,0,0,0,0,2.5
52474,Farmar,109,17.63563555,174.7016166,23.58471824,22.79209292,13.21638838,98.19284973,17.67471295,321.7660331,0,0,0,0,0,2.5
52504,Farmar,109,16.97877588,168.1944442,22.70624997,21.94319145,12.72412869,94.53542622,17.01637672,311.3015314,0,0,0,0,0,2.5
52535,Farmar,109,17.4543057,172.9049037,23.342162,22.55777805,13.08049729,97.18298869,17.49293796,321.5909152,0,0,0,0,0,2.5
52565,Farmar,109,16.80419988,166.4646543,22.47272833,21.71760374,12.59329903,93.56317992,16.84137239,311.1329344,0,0,0,0,0,2.5
52596,Farmar,109,17.2748403,171.1266694,23.10210037,22.32587206,12.94600345,96.18351372,17.31303247,321.4175948,0,0,0,0,0,2.5
52627,Farmar,109,17.18434494,170.2299972,22.98104962,22.20893341,12.87818497,95.67952982,17.22231537,321.3316038,0,0,0,0,0,2.5
52656,Farmar,109,15.99417142,158.4398155,21.3893751,20.67077624,11.98625254,89.05273633,16.02949254,300.5205,0,0,0,0,0,2.5
52687,Farmar,109,17.01053715,168.5078281,22.7485568,21.98433769,12.74793102,94.71156689,17.04808204,321.1609416,0,0,0,0,0,2.5
52717,Farmar,109,16.37696003,162.2313585,21.9012334,21.16552141,12.27311959,91.18381228,16.41308621,310.7189705,0,0,0,0,0,2.5
52748,Farmar,109,16.83563462,166.7748163,22.5146002,21.75832697,12.61685666,93.73750966,16.87275174,320.9920332,0,0,0,0,0,2.5
52778,Farmar,108,16.20857195,160.562897,21.67599109,20.94792856,12.14692724,90.24603619,16.24428651,306.6804284,0,0,0,0,0,2.5
52809,Farmar,108,16.66253045,165.0596278,22.28304976,21.53463976,12.48713001,92.77347028,16.69922465,316.8198817,0,0,0,0,0,2.5
52840,Farmar,108,16.57524274,164.1947464,22.16629076,21.42184544,12.42171539,92.28735472,16.61172385,316.7370807,0,0,0,0,0,2.5
52870,Farmar,108,15.95787867,158.0789281,21.34065529,20.62397943,11.95905425,88.84989581,15.99298125,306.4400381,0,0,0,0,0,2.5
52901,Farmar,108,16.40481594,162.5060931,21.93832257,21.20161744,12.2939952,91.33822968,16.44088134,316.5727561,0,0,0,0,0,2.5
52931,Farmar,107,15.79379962,156.4531728,21.12117833,20.41195392,11.83609115,87.93612325,15.82850218,302.3740075,0,0,0,0,0,2.5
52962,Farmar,107,16.23614149,160.834807,21.71269895,20.98365351,12.16758824,90.39886606,16.27179589,312.3723448,0,0,0,0,0,2.5
52993,Farmar,106,16.15108745,159.9920633,21.59892854,20.87374514,12.10384757,89.92519321,16.18653478,309.6224093,0,0,0,0,0,2.5
53021,Farmar,106,14.5153439,143.7882777,19.41141749,18.75971561,10.8779988,80.81768802,14.54718384,279.5872809,0,0,0,0,0,2.5
53052,Farmar,106,15.99043946,158.4003123,21.38404217,20.66615265,11.98345575,89.03053315,16.02549597,309.4641228,0,0,0,0,0,2.5
53082,Farmar,106,15.39485709,152.5003219,20.58754345,19.89643275,11.53711811,85.71438251,15.42858885,299.4054072,0,0,0,0,0,2.5
53113,Farmar,106,15.82041368,156.0352339,21.06475658,20.41721264,11.85603609,87.70121638,15.78621895,309.3074568,0,0,0,0,0,2.5
53143,Farmar,105,15.22258694,149.2396092,20.14734724,19.60800604,11.40801649,83.88166522,15.09869974,296.7309036,0,0,0,0,0,2.5
53174,Farmar,105,15.64893069,153.4192171,20.71159431,20.15718858,11.72752437,86.23085709,15.52155428,306.5449063,0,0,0,0,0,2.5
53205,Farmar,105,15.5669528,152.6153267,20.60306911,20.05160908,11.66608901,85.77902218,15.44022399,306.4682739,0,0,0,0,0,2.5
53235,Farmar,105,14.98714368,146.9308087,19.83565917,19.30477813,11.23157207,82.58398004,14.86511641,296.508422,0,0,0,0,0,2.5
53266,Farmar,105,15.4068933,151.0457565,20.39117713,19.84546785,11.54613822,84.89682904,15.28142923,306.3161914,0,0,0,0,0,2.5
53296,Farmar,105,14.83304579,145.419701,19.63165963,19.10631471,11.11608898,81.73464635,14.71223634,296.3620027,0,0,0,0,0,2.5
53327,Farmar,105,15.24847955,149.4923289,20.1814644,19.64144585,11.42742077,84.02370897,15.12426762,306.1656685,0,0,0,0,0,2.5
53358,Farmar,105,15.16859947,148.7090151,20.07571704,19.53856771,11.36755753,83.58343936,15.04501909,306.0909877,0,0,0,0,0,2.5
53386,Farmar,105,13.63235997,133.6479597,18.04247457,17.5597609,10.21627848,75.11821748,13.52127915,276.4021723,0,0,0,0,0,2.5
53417,Farmar,105,15.01772391,147.2295139,19.87598438,19.34425376,11.25448931,82.75187042,14.89533668,305.9427768,0,0,0,0,0,2.5
53447,Farmar,105,14.45837148,141.7456037,19.1356565,18.62376856,10.83530289,79.66958199,14.34052476,296.0024915,0,0,0,0,0,2.5
53478,Farmar,104,14.86331163,145.7153351,19.67157024,19.14538451,11.13877062,81.90081058,14.7421459,301.7774857,0,0,0,0,0,2.5
53508,Farmar,104,14.30971046,140.2878242,18.93885627,18.43230629,10.72389427,78.85022195,14.19303995,291.9725028,0,0,0,0,0,2.5
53539,Farmar,104,14.71048702,144.2167292,19.46925844,18.94855975,11.02424175,81.05850361,14.59053065,301.6327259,0,0,0,0,0,2.5
53570,Farmar,104,14.63342527,143.4610592,19.36724299,18.84931082,10.96649061,80.63377146,14.51407886,301.5609041,0,0,0,0,0,2.5
53600,Farmar,104,14.0883865,138.1175143,18.64586443,18.14725999,10.55803104,77.63037681,13.97346783,291.7639844,0,0,0,0,0,2.5
53631,Farmar,104,14.48296437,141.9856377,19.16806109,18.64338405,10.85373314,79.80449557,14.3648092,301.4183655,0,0,0,0,0,2.5
53661,Farmar,104,13.94352969,136.6970485,18.45410155,17.94674841,10.44947336,76.83198934,13.82975808,291.6176422,0,0,0,0,0,2.5
53692,Farmar,104,14.33405053,140.5253905,18.97092771,18.44940232,10.74213505,78.98374852,14.21707473,301.2679227,0,0,0,0,0,2.5
53723,Farmar,104,14.25896077,139.7890628,18.87152347,18.35276788,10.68586176,78.56988792,14.14257983,301.1979761,0,0,0,0,0,2.5
53751,Farmar,103,12.81484734,125.6314093,16.96024026,16.49405527,9.603623242,70.61243243,12.71023784,268.3397478,0,0,0,0,0,2.5
53782,Farmar,103,14.11713307,138.3983076,18.68377152,18.17024688,10.57957412,77.78819959,14.00187593,297.0215217,0,0,0,0,0,2.5
53812,Farmar,103,13.59132421,133.2433373,17.98785053,17.49348808,10.18552571,74.89079524,13.48034314,287.3738335,0,0,0,0,0,2.5
53843,Farmar,102,13.97198073,136.9749549,18.4916189,17.98344705,10.47079495,76.98818947,13.8578741,292.8542144,0,0,0,0,0,2.5
53873,Farmar,102,13.45157824,131.8730008,17.80285511,17.3136457,10.08079816,74.12058346,13.34170502,283.3419041,0,0,0,0,0,2.5
53904,Farmar,102,13.82832085,135.5662408,18.30144251,17.79856762,10.36313426,76.19640719,13.71535329,292.7194011,0,0,0,0,0,2.5
53935,Farmar,102,13.75588041,134.8558987,18.20554632,17.70534213,10.3088464,75.79715204,13.64348737,292.6525112,0,0,0,0,0,2.5
53965,Farmar,102,13.24352684,129.8328741,17.527438,17.04589891,9.924881567,72.97390913,13.13530364,283.1477106,0,0,0,0,0,2.5
53996,Farmar,102,13.6144425,133.4689784,18.01831209,17.52332177,10.20285088,75.01761918,13.50317145,292.5197674,0,0,0,0,0,2.5
54026,Farmar,101,13.10735695,128.497613,17.34717776,16.87065798,9.822833973,72.22341187,13.00021414,279.1452573,0,0,0,0,0,2.5
54057,Farmar,100,13.47445886,132.0963222,17.83300349,17.34317267,10.09794521,74.24610354,13.36429864,284.3481468,0,0,0,0,0,2.5
54088,Farmar,100,13.40387216,131.4041621,17.73956189,17.25233245,10.04504656,73.85706782,13.29427221,284.283404,0,0,0,0,0,2.5
54117,Farmar,100,12.47553117,122.30307,16.51091445,16.05746198,9.349335024,68.7417049,12.37350688,265.8822866,0,0,0,0,0,2.5
54148,Farmar,100,13.26830147,130.0747838,17.56009581,17.07786211,9.943448018,73.10987698,13.15977786,284.1549206,0,0,0,0,0,2.5
54178,Farmar,100,12.77410835,125.2298435,16.90602887,16.44178967,9.573092882,70.38672819,12.66961108,274.9269412,0,0,0,0,0,2.5
54209,Farmar,100,13.13187688,128.7370357,17.37949981,16.90229258,9.841209547,72.35798182,13.02443673,284.0277505,0,0,0,0,0,2.5
54239,Farmar,100,12.64276505,123.941923,16.73215961,16.2727593,9.474662404,69.6628392,12.53931106,274.8045066,0,0,0,0,0,2.5
54270,Farmar,100,12.99685501,127.4130458,17.20076118,16.728528,9.740022298,71.61381964,12.89048754,283.9018882,0,0,0,0,0,2.5
54301,Farmar,100,12.92877028,126.7454257,17.11063247,16.64090717,9.688998663,71.23857686,12.82294383,283.8394413,0,0,0,0,0,2.5
54331,Farmar,100,12.4472234,122.0244955,16.47330689,16.0211093,9.328120794,68.58512921,12.34532326,274.6232095,0,0,0,0,0,2.5
54362,Farmar,100,12.79583677,125.4419189,16.93465905,16.46982977,9.589376457,70.50592736,12.69106693,283.7155104,0,0,0,0,0,2.5
54392,Farmar,100,12.31924115,120.7695409,16.30388802,15.85640375,9.232209135,67.87976903,12.21835843,274.5038912,0,0,0,0,0,2.5
54423,Farmar,100,12.66427009,124.1518181,16.76049545,16.30051113,9.490778573,69.78081291,12.56054632,283.5928502,0,0,0,0,0,2.5
54454,Farmar,100,12.59792763,123.5012866,16.67267369,16.21513217,9.441060624,69.41517492,12.49473148,283.5319914,0,0,0,0,0,2.5
54482,Farmar,100,11.32203971,110.9932391,14.98408728,14.57291282,8.484892629,62.38489753,11.22928156,256.0387272,0,0,0,0,0,2.5
54513,Farmar,100,12.47262162,122.2725807,16.50679839,16.05387028,9.347154569,68.72456807,12.37042225,283.4112165,0,0,0,0,0,2.5
54543,Farmar,100,12.00806453,117.7182525,15.89196408,15.45593685,8.999009088,66.16476081,11.90965695,274.2109283,0,0,0,0,0,2.5
54574,Farmar,100,12.34437826,121.0150755,16.33703519,15.88882793,9.251047226,68.01777426,12.24319937,283.2916775,0,0,0,0,0,2.5
54604,Farmar,100,11.88459775,116.5075861,15.72852412,15.29704158,8.906481376,65.48429325,11.78717279,274.0958421,0,0,0,0,0,2.5
54635,Farmar,100,12.2174535,119.7705032,16.16901794,15.7254823,9.155928065,67.31824957,12.11728492,283.1733656,0,0,0,0,0,2.5
54666,Farmar,100,12.15345174,119.1429293,16.08429546,15.64311523,9.107964261,66.96551518,12.05379273,283.1146675,0,0,0,0,0,2.5
54696,Farmar,100,11.70078251,114.7051726,15.4851983,15.06048056,8.768727705,64.47122812,11.60482106,273.9254218,0,0,0,0,0,2.5
54727,Farmar,100,12.0284901,117.9176115,15.91887755,15.48229566,9.014316288,66.27681259,11.92982627,282.9981716,0,0,0,0,0,2.5
54757,Farmar,100,11.58047522,113.5254947,15.32594178,14.90565079,8.678567761,63.80817794,11.48547203,273.8132644,0,0,0,0,0,2.5
54788,Farmar,100,11.90481333,116.7048955,15.75516089,15.32312941,8.921631209,65.59519306,11.80713475,282.8828721,0,0,0,0,0,2.5
54819,Farmar,100,11.84244936,116.0933851,15.67260699,15.24286978,8.874894789,65.25148732,11.74526772,282.8256645,0,0,0,0,0,2.5
54847,Farmar,100,10.64307449,104.3356008,14.0853061,13.69911821,7.97606673,58.64290308,10.55572255,255.4040363,0,0,0,0,0,2.5
54878,Farmar,100,11.7246578,114.9383813,15.51668148,15.09127718,8.786620174,64.60230549,11.62841499,282.7121354,0,0,0,0,0,2.5
54908,Farmar,100,11.28795951,110.6572332,14.93872648,14.52919596,8.459352458,62.19604192,11.19528755,273.5378779,0,0,0,0,0,2.5
54939,Farmar,100,11.60410505,113.7563056,15.35710126,14.9361308,8.696276281,63.93790764,11.50882338,282.5997684,0,0,0,0,0,2.5
54969,Farmar,100,11.17189689,109.5191868,14.78509022,14.37982808,8.372373529,61.55639119,11.08015041,273.4296965,0,0,0,0,0,2.5
55000,Farmar,100,11.48479183,112.5863872,15.19916227,14.78257941,8.606861308,63.28034288,11.39046172,282.4885573,0,0,0,0,0,2.5
55031,Farmar,100,11.42462818,111.9964574,15.11952174,14.70515109,8.561773838,62.94876672,11.33077801,282.4333788,0,0,0,0,0,2.5
55061,Farmar,100,10.99910485,107.8248883,14.55635992,14.1574513,8.242880789,60.60409322,10.90873678,273.2695011,0,0,0,0,0,2.5
55092,Farmar,100,11.30716035,110.8446383,14.96402617,14.55397429,8.473741827,62.3013749,11.21424748,282.3238723,0,0,0,0,0,2.5
55122,Farmar,100,10.88601224,106.7159715,14.40665616,14.01190515,8.158127634,59.98081507,10.79654671,273.1640726,0,0,0,0,0,2.5
55153,Farmar,100,11.19090033,109.7046652,14.8101298,14.40435167,8.386614967,61.66064125,11.09891543,282.2154902,0,0,0,0,0,2.5
55184,Farmar,100,11.13227625,109.1298353,14.73252777,14.32890443,8.342681277,61.33755216,11.04075939,282.1617185,0,0,0,0,0,2.5
55212,Farmar,100,10.00482604,98.07731067,13.24043694,12.8777165,7.497754543,55.12536642,9.922565956,254.8074253,0,0,0,0,0,2.5
55243,Farmar,100,11.02154852,108.0441126,14.5859552,14.18640135,8.259700389,60.72731049,10.93091589,282.0549996,0,0,0,0,0,2.5
55273,Farmar,100,10.61103837,104.0197582,14.04266736,13.65802263,7.952058421,58.46538051,10.52376849,272.9052109,0,0,0,0,0,2.5
55304,Farmar,100,10.90822518,106.9329419,14.43594715,14.04055758,8.174774314,60.1027655,10.81849779,281.949376,0,0,0,0,0,2.5
55334,Farmar,100,10.50193589,102.9499758,13.89824673,13.51761087,7.870295518,57.86409821,10.41553768,272.8035204,0,0,0,0,0,2.5
55365,Farmar,100,10.79606703,105.8331991,14.28748188,13.89621316,8.090721453,59.48464371,10.70723587,281.844836,0,0,0,0,0,2.5
55396,Farmar,100,10.73951133,105.2786553,14.21261846,13.82342745,8.048337827,59.17295661,10.65113219,281.7929681,0,0,0,0,0,2.5
55426,Farmar,100,10.33380954,101.2074007,13.6629991,13.30856785,7.744299315,56.8846659,10.23923986,272.6529359,0,0,0,0,0,2.5
55457,Farmar,100,10.59975306,103.4239566,13.96223414,13.68131525,7.943601055,58.13050402,10.46349072,281.6900327,0,0,0,0,0,2.5
55487,Farmar,100,10.20496062,99.57188605,13.44220462,13.17174867,7.647738158,55.96540797,10.07377343,272.5538349,0,0,0,0,0,2.5
55518,Farmar,100,10.49078194,102.3607031,13.81869492,13.54066403,7.861936599,57.53289144,10.35592046,281.5881538,0,0,0,0,0,2.5
55549,Farmar,100,10.43583323,101.8245573,13.74631524,13.46974062,7.820757278,57.23154515,10.30167813,281.5376067,0,0,0,0,0,2.5
55578,Farmar,100,9.713063194,94.77234236,12.79426622,12.53684674,7.279103447,53.26777482,9.588199467,263.3268456,0,0,0,0,0,2.5
55609,Farmar,99,10.33029716,100.7948203,13.60730075,13.33352308,7.741667093,56.65277082,10.19749875,277.4244528,0,0,0,0,0,2.5
55639,Farmar,99,9.945540727,97.04067316,13.10049088,12.83691018,7.453325315,54.54271359,9.817688446,268.4272895,0,0,0,0,0,2.5
55670,Farmar,99,10.2240962,99.75859583,13.46741044,13.19644736,7.662078627,56.07035013,10.09266302,277.3255341,0,0,0,0,0,2.5
55700,Farmar,99,9.843295264,96.04304328,12.96581084,12.7049399,7.376701156,53.98198541,9.716757373,268.3320549,0,0,0,0,0,2.5
55731,Farmar,99,10.11898704,98.73302426,13.32895828,13.06078084,7.583308372,55.49391702,9.988905064,277.2276311,0,0,0,0,0,2.5
55762,Farmar,99,10.06598572,98.21587955,13.25914374,12.99237096,7.543588452,55.20325049,9.936585089,277.1790562,0,0,0,0,0,2.5
55792,Farmar,99,9.691073677,94.55778615,12.76530113,12.50846442,7.2626242,53.14718128,9.56649263,268.1910288,0,0,0,0,0,2.5
55823,Farmar,99,9.962502017,97.20616793,13.12283267,12.85880246,7.46603634,54.63573164,9.834431695,277.0826547,0,0,0,0,0,2.5
55853,Farmar,99,9.591444271,93.58568168,12.63406703,12.37987074,7.18796055,52.60079991,9.468143984,268.0982199,0,0,0,0,0,2.5
55884,Farmar,99,9.860082183,96.20683668,12.98792295,12.72660711,7.389281504,54.07404718,9.733328492,276.9872449,0,0,0,0,0,2.5
55915,Farmar,99,9.808436957,95.70292365,12.91989469,12.65994758,7.35057786,53.79081765,9.682347177,276.9399053,0,0,0,0,0,2.5
55943,Farmar,99,8.815068242,86.01042212,11.61140699,11.37778653,6.606133652,48.34304696,8.701748453,250.0967324,0,0,0,0,0,2.5
55974,Farmar,99,9.710890596,94.75114388,12.79140442,12.53404252,7.277475272,53.25585999,9.586054798,276.845959,0,0,0,0,0,2.5
56004,Farmar,99,9.349204227,91.22209607,12.31498297,12.06720662,7.006422522,51.27232218,9.229017993,267.8703357,0,0,0,0,0,2.5
56035,Farmar,99,9.611057461,93.77705158,12.65990196,12.40518588,7.202658945,52.70836135,9.487505042,276.752975,0,0,0,0,0,2.5
56065,Farmar,98,9.253089422,90.28428427,12.18837838,11.9431493,6.934392762,50.74521537,9.134138766,263.8794164,0,0,0,0,0,2.5
56096,Farmar,98,9.512250665,92.81297348,12.52975142,12.27765395,7.12861177,52.16649128,9.389968431,272.6297811,0,0,0,0,0,2.5
56127,Farmar,98,9.462427314,92.32683686,12.46412298,12.21334595,7.091273464,51.89325317,9.34078557,272.5843993,0,0,0,0,0,2.5
56157,Farmar,98,9.109995069,88.88808343,11.99989126,11.75845453,6.827155881,49.96046625,8.992883925,263.7476638,0,0,0,0,0,2.5
56188,Farmar,98,9.350674028,91.37766774,12.33598515,12.08778624,7.007524011,51.35976285,9.244757313,272.4943371,0,0,0,0,0,2.5
56218,Farmar,97,9.002404083,87.97426653,11.87652598,11.63195934,6.746525714,49.44684601,8.900432283,261.1541905,0,0,0,0,0,2.5
56249,Farmar,97,9.254544112,90.43825658,12.20916464,11.94907234,6.935482927,50.8317571,9.149716278,269.8056488,0,0,0,0,0,2.5
56280,Farmar,97,9.206070579,89.96455828,12.14521537,11.88648539,6.899156193,50.56551007,9.101791812,269.7616809,0,0,0,0,0,2.5
56308,Farmar,97,8.273707702,80.85322097,10.91518483,10.68265824,6.200430601,45.44438874,8.179989973,243.6162009,0,0,0,0,0,2.5
56339,Farmar,97,9.114514841,89.0698474,12.0244294,11.76827252,6.830543061,50.06262857,9.011273142,269.6744219,0,0,0,0,0,2.5
56369,Farmar,97,8.775040748,85.75240196,11.57657426,11.32995807,6.576136496,48.19802406,8.675644331,260.9333484,0,0,0,0,0,2.5
56400,Farmar,97,9.020812767,88.15416186,11.90081185,11.64728841,6.760321435,49.54795805,8.918632448,269.5880585,0,0,0,0,0,2.5
56430,Farmar,97,8.684828649,84.87082154,11.45756091,11.21348005,6.508530306,47.70252267,8.586454081,260.8502014,0,0,0,0,0,2.5
56461,Farmar,97,8.928074001,87.24789007,11.77846516,11.52754807,6.690821725,49.03857861,8.82694415,269.5025813,0,0,0,0,0,2.5
56492,Farmar,96,8.881310456,86.79090229,11.71677181,11.46716898,6.65577648,48.78172391,8.780710304,266.8716924,0,0,0,0,0,2.5
56522,Farmar,96,8.550522162,83.55833716,11.28037552,11.04006925,6.407879173,46.96482726,8.453668907,258.222292,0,0,0,0,0,2.5
56553,Farmar,96,8.790005848,85.89864553,11.59631715,11.34928036,6.587351548,48.28022177,8.690439919,266.7879283,0,0,0,0,0,2.5
56583,Farmar,95,8.462618234,82.6993129,11.16440724,10.92657145,6.342002758,46.48200379,8.366760682,255.6414929,0,0,0,0,0,2.5
56614,Farmar,95,8.6996399,85.01556164,11.47710082,11.23260371,6.519630061,47.78387534,8.601097562,264.1217074,0,0,0,0,0,2.5
56645,Farmar,95,8.654072849,84.57026638,11.41698596,11.17376948,6.485481485,47.53359254,8.556046657,264.0807493,0,0,0,0,0,2.5
56673,Farmar,95,7.777614626,76.00524657,10.26070829,10.04212403,5.828651611,42.71953461,7.689516229,238.4877432,0,0,0,0,0,2.5
56704,Farmar,95,8.56800681,83.72920253,11.30344234,11.06264468,6.420982409,47.0608639,8.470955503,263.9994649,0,0,0,0,0,2.5
56734,Farmar,95,8.248887648,80.61067175,10.88244069,10.65061164,6.18183011,45.30806144,8.155451059,255.444324,0,0,0,0,0,2.5
56765,Farmar,94,8.47992313,82.86842167,11.18723693,10.94891479,6.354971285,46.57705313,8.383869563,259.8886097,0,0,0,0,0,2.5
56795,Farmar,93,8.164084683,79.78195105,10.77056339,10.54111767,6.1182776,44.8422704,8.071608673,248.4597943,0,0,0,0,0,2.5
56826,Farmar,93,8.392744998,82.0164901,11.07222616,10.83635411,6.289638791,46.09821618,8.297678912,256.7025965,0,0,0,0,0,2.5
56857,Farmar,93,8.348785404,81.5869034,11.01423196,10.77959536,6.256694865,45.85676253,8.254217256,256.663608,0,0,0,0,0,2.5
56887,Farmar,93,8.037831239,78.54816349,10.60400207,10.37810461,6.023661528,44.14880735,7.946785323,248.3465985,0,0,0,0,0,2.5
56918,Farmar,91,8.262955437,80.74814652,10.90099978,10.66877537,6.192372705,45.38533056,8.1693595,249.9770656,0,0,0,0,0,2.5
56948,Farmar,91,7.955198047,77.74064648,10.49498727,10.27141216,5.961735075,43.69493407,7.865088132,241.8765511,0,0,0,0,0,2.5
56979,Farmar,91,8.178007849,79.91801251,10.78893169,10.55909467,6.128711812,44.91874515,8.085374128,249.9013327,0,0,0,0,0,2.5
57010,Farmar,90,8.135173006,79.49941724,10.73242133,10.50378815,6.09661079,44.68346935,8.043024483,246.7737157,0,0,0,0,0,2.5
57039,Farmar,90,7.571743218,73.99340774,9.989110044,9.776311655,5.67436874,41.58875979,7.485976762,230.8180096,0,0,0,0,0,2.5
57070,Farmar,90,8.052903181,78.69545115,10.62388591,10.39756486,6.034956649,44.2315919,7.961686542,246.6994633,0,0,0,0,0,2.5
57100,Farmar,89,7.752969279,75.76440464,10.22819463,10.01030301,5.810182048,42.58416691,7.665150044,234.8156202,0,0,0,0,0,2.5
57131,Farmar,89,7.970115041,77.88641994,10.51466669,10.29067235,5.972914076,43.77686755,7.879836159,242.6063783,0,0,0,0,0,2.5
57161,Farmar,89,7.67326462,74.98550616,10.12304333,9.907391757,5.750450278,42.14637896,7.586348214,234.7452913,0,0,0,0,0,2.5
57192,Farmar,88,7.888178008,77.08570601,10.40657031,10.18487875,5.911509334,43.326818,7.798827241,239.9391271,0,0,0,0,0,2.5
57223,Farmar,88,7.846861239,76.68194581,10.35206268,10.1315323,5.880545978,43.09988041,7.757978474,239.9034894,0,0,0,0,0,2.5
57253,Farmar,87,7.55460146,73.82589319,9.966495581,9.754178949,5.66152247,41.49460651,7.469029172,229.1264853,0,0,0,0,0,2.5
57284,Farmar,87,7.766191321,75.89361451,10.24563796,10.02737475,5.820090829,42.65679065,7.678222318,236.7289941,0,0,0,0,0,2.5
57314,Farmar,87,7.476936128,73.06692364,9.864034691,9.653900787,5.603319,41.06801982,7.392243568,229.0588387,0,0,0,0,0,2.5
57345,Farmar,87,7.686350732,75.11338768,10.14030734,9.924287987,5.760257191,42.2182561,7.599286098,236.6594521,0,0,0,0,0,2.5
57376,Farmar,86,7.646091096,74.71995811,10.08719435,9.872306463,5.730086065,41.99712494,7.559482489,234.0346519,0,0,0,0,0,2.5
57404,Farmar,86,6.871718205,67.15254762,9.065593929,8.872469239,5.149760346,37.74378364,6.793881055,211.3553242,0,0,0,0,0,2.5
57435,Farmar,86,7.570049585,73.97685704,9.9868757,9.77412491,5.673099509,41.5794573,7.484302314,233.9665977,0,0,0,0,0,2.5
57465,Farmar,86,7.288099777,71.22155663,9.614910146,9.410083351,5.461802436,40.03081222,7.2055462,226.3866115,0,0,0,0,0,2.5
57496,Farmar,86,7.492225438,73.2163355,9.884205292,9.673641693,5.61477702,41.1519983,7.407359695,233.8992415,0,0,0,0,0,2.5
57526,Farmar,86,7.213174224,70.48936105,9.516063742,9.313342676,5.405652194,39.61927412,7.131469342,226.3217618,0,0,0,0,0,2.5
57557,Farmar,86,7.415201365,72.46363252,9.78259039,9.574191497,5.557054118,40.72893381,7.331208087,233.832575,0,0,0,0,0,2.5
57588,Farmar,86,7.376361958,72.08408186,9.731351051,9.524043712,5.527947331,40.51560344,7.29280862,233.7994993,0,0,0,0,0,2.5
57618,Farmar,86,7.101626129,69.3992787,9.368902624,9.169316537,5.322056514,39.00658207,7.021184772,226.2257345,0,0,0,0,0,2.5
57649,Farmar,86,7.300529023,71.34301906,9.631307573,9.426131463,5.471117084,40.09908143,7.217834658,233.7338562,0,0,0,0,0,2.5
57679,Farmar,86,7.028617625,68.6858171,9.272585309,9.075051073,5.267342934,38.6055736,6.949003248,226.1625361,0,0,0,0,0,2.5
57710,Farmar,86,7.225475691,70.60957477,9.532292594,9.329225805,5.414871082,39.68684149,7.143631468,233.6688866,0,0,0,0,0,2.5
57741,Farmar,86,7.18763003,70.23973531,9.482364267,9.280361103,5.386509022,39.4789694,7.106214492,233.6366508,0,0,0,0,0,2.5
57769,Farmar,86,6.459688684,63.12606818,8.522019205,8.340474308,4.840979743,35.48065924,6.386518664,210.9976891,0,0,0,0,0,2.5
57800,Farmar,86,7.116147983,69.54119072,9.388060747,9.188066534,5.332939391,39.08634519,7.035542134,233.5726803,0,0,0,0,0,2.5
57830,Farmar,85,6.851103938,66.95109865,9.038398318,8.845852977,5.13431173,37.63055716,6.773500289,222.9992164,0,0,0,0,0,2.5
57861,Farmar,85,7.042990186,68.82627019,9.291546476,9.09360831,5.27811393,38.68451671,6.963213009,230.4012016,0,0,0,0,0,2.5
57891,Farmar,85,6.780670936,66.26280565,8.945478763,8.754912891,5.081528267,37.24369497,6.703865094,222.938747,0,0,0,0,0,2.5
57922,Farmar,85,6.970584491,68.11869943,9.196024423,9.000121167,5.223852104,38.28681925,6.891627465,230.339037,0,0,0,0,0,2.5
57953,Farmar,85,6.934073902,67.7619067,9.147857405,8.952980253,5.196490565,38.08628021,6.855530438,230.3081937,0,0,0,0,0,2.5
57983,Farmar,85,6.675811286,65.23808484,8.807141454,8.619522586,5.002945,36.66774004,6.600193207,222.8492053,0,0,0,0,0,2.5
58014,Farmar,83,6.862787924,67.06527816,9.053812552,8.860938841,5.14306787,37.69473294,6.785051929,225.0141094,0,0,0,0,0,2.5
58044,Farmar,83,6.607180385,64.56740254,8.716599342,8.530909297,4.951512057,36.29077612,6.532339701,217.7268679,0,0,0,0,0,2.5
58075,Farmar,83,6.792234804,66.37581134,8.96073453,8.769843664,5.09019439,37.30721098,6.715297976,224.9549046,0,0,0,0,0,2.5
58106,Farmar,82,6.756658376,66.02814752,8.913799915,8.723908899,5.063532924,37.11180294,6.680124529,221.8478835,0,0,0,0,0,2.5
58134,Farmar,82,6.072364531,59.34101722,8.011037324,7.840377893,4.550713684,33.35323222,6.003581799,200.3524236,0,0,0,0,0,2.5
58165,Farmar,82,6.678248674,65.00258375,8.775348806,8.625466369,5.004771612,36.53537422,6.576367359,221.7897766,0,0,0,0,0,2.5
58195,Farmar,82,6.426357249,62.49607066,8.436969538,8.301500758,4.816000706,35.12656262,6.322781272,214.607368,0,0,0,0,0,2.5
58226,Farmar,82,6.606347159,64.2234946,8.670171772,8.534009833,4.950887626,36.09747911,6.49754624,221.7322658,0,0,0,0,0,2.5
58256,Farmar,80,6.354678241,61.70852397,8.330650736,8.185752591,4.76228347,34.68391386,6.243104495,209.5513058,0,0,0,0,0,2.5
58287,Farmar,78,6.523983797,63.3074598,8.546507073,8.37404271,4.889163387,35.58261227,6.404870209,211.3564201,0,0,0,0,0,2.5
58318,Farmar,78,6.489812416,62.97586742,8.501742102,8.330181075,4.863554884,35.39623735,6.371322723,211.3288045,0,0,0,0,0,2.5
58348,Farmar,78,6.248096514,60.63030369,8.185090998,8.019919836,4.682409654,34.07788901,6.134020021,204.4851589,0,0,0,0,0,2.5
58379,Farmar,77,6.423093684,62.32844192,8.414339659,8.244542371,4.813554946,35.03234515,6.305822128,208.6889874,0,0,0,0,0,2.5
58409,Farmar,76,6.183862749,60.00699183,8.100943897,7.937470783,4.634271986,33.72755013,6.070959024,198.9503485,0,0,0,0,0,2.5
58440,Farmar,75,6.350981541,61.08116626,8.245957445,8.159784078,4.759513112,34.33130098,6.179634176,202.4782931,0,0,0,0,0,2.5
58471,Farmar,74,6.309320874,60.02669437,8.103603739,8.117044688,4.728292034,33.73862415,6.072952346,199.3907209,0,0,0,0,0,2.5
58500,Farmar,73,5.872346845,55.86933623,7.54236039,7.55487044,4.400817673,31.40193802,5.652348844,184.0579322,0,0,0,0,0,2.5
58531,Farmar,73,6.245515626,59.41965311,8.021653169,8.034958192,4.680475502,33.39743033,6.01153746,196.7256563,0,0,0,0,0,2.5
58561,Farmar,73,6.012898664,57.20654213,7.722883188,7.735692659,4.506149144,32.15352843,5.787635117,190.3547068,0,0,0,0,0,2.5
58592,Farmar,72,6.181308395,58.80878738,7.939186297,7.952354537,4.632357717,33.05408694,5.949735648,194.0793237,0,0,0,0,0,2.5
58622,Farmar,72,5.951082859,56.61842837,7.64348783,7.656165613,4.459823528,31.82297301,5.728135141,187.7942218,0,0,0,0,0,2.5
58653,Farmar,71,6.117761248,58.20420168,7.857567227,7.870600091,4.58473461,32.71427329,5.888569193,190.9376761,0,0,0,0,0,2.5
58684,Farmar,70,6.085717584,57.8993392,7.816410792,7.829375392,4.560720646,32.54292218,5.857725993,187.8107081,0,0,0,0,0,2.5
58714,Farmar,70,5.847373622,54.91174739,7.413085898,7.525619952,4.382102395,30.86371532,5.555468758,181.7285674,0,0,0,0,0,2.5
58745,Farmar,69,6.008740037,56.31794195,7.602922163,7.734472113,4.503032611,31.65408151,5.697734671,185.201209,0,0,0,0,0,2.5
58775,Farmar,69,5.771863608,53.72127372,7.252371952,7.446398315,4.32551415,30.19459729,5.435027511,179.2035442,0,0,0,0,0,2.5
58806,Farmar,69,5.93255964,55.20816658,7.453102489,7.654957614,4.445941972,31.03032079,5.585457742,185.1529081,0,0,0,0,0,2.5
58837,Farmar,68,5.901486027,54.91899676,7.414064562,7.614862409,4.422654978,30.8677899,5.556202182,182.5529974,0,0,0,0,0,2.5
58865,Farmar,67,5.30380144,49.35696751,6.663190614,6.843652265,3.97474191,27.74159386,4.993486895,162.5377293,0,0,0,0,0,2.5
58896,Farmar,67,5.842794872,54.37281918,7.34033059,7.539131472,4.378671017,30.56080515,5.500944927,179.9290455,0,0,0,0,0,2.5
58926,Farmar,67,5.625177421,52.34767974,7.066936765,7.248518332,4.2155855,29.42255459,5.296059826,174.102315,0,0,0,0,0,2.5
58957,Farmar,66,5.782727825,53.8138376,7.264868076,7.4472002,4.333655944,30.24662377,5.444392279,176.8955955,0,0,0,0,0,2.5
58987,Farmar,66,5.567347597,51.80951768,6.994284887,7.16982597,4.172247033,29.12007504,5.241613507,171.1691283,0,0,0,0,0,2.5
59018,Farmar,65,5.723278299,53.26060265,7.190181358,7.37063901,4.28910365,29.93567235,5.388421023,174.2817466,0,0,0,0,0,2.5
59049,Farmar,64,5.693300861,52.98163379,7.152520562,7.332033011,4.266638145,29.77887502,5.360197503,171.6728537,0,0,0,0,0,2.5
59079,Farmar,64,5.48125138,51.00830967,6.886121805,7.058948234,4.10772534,28.66974779,5.160554602,166.1154804,0,0,0,0,0,2.5
59110,Farmar,64,5.634770692,52.43695434,7.078988836,7.256655802,4.222774829,29.4727323,5.305091814,171.6325724,0,0,0,0,0,2.5
59140,Farmar,63,5.424901192,50.48391704,6.8153288,6.986378482,4.065495733,28.37500749,5.107501349,163.5677637,0,0,0,0,0,2.5
59171,Farmar,63,5.576842244,51.89787449,7.006213056,7.18205351,4.179362452,29.1697369,5.250552641,169.000362,0,0,0,0,0,2.5
59202,Farmar,63,5.54763181,51.62604334,6.969515851,7.144435286,4.15747175,29.01695139,5.22305125,168.980803,0,0,0,0,0,2.5
59230,Farmar,63,4.985784504,46.39751442,6.263664446,6.420868573,3.736415634,26.07820265,4.694076478,152.6102467,0,0,0,0,0,2.5
59261,Farmar,63,5.492459789,51.11261468,6.900202981,7.073382817,4.116125076,28.7283735,5.17110723,168.9419868,0,0,0,0,0,2.5
59291,Farmar,63,5.287890721,49.20890298,6.643201902,6.80993158,3.962818197,27.65837266,4.978507079,163.4736078,0,0,0,0,0,2.5
59322,Farmar,62,5.433654352,50.45412676,6.811307112,6.995048144,4.072055471,28.35826356,5.10448744,166.3226137,0,0,0,0,0,2.5
59352,Farmar,62,5.213917557,47.52788068,6.416263892,6.705844244,3.907381689,26.7135367,4.808436606,160.9390799,0,0,0,0,0,2.5
59383,Farmar,59,5.351273187,48.16895177,6.502808489,6.885467187,4.010317891,27.07385733,4.873294319,157.5086527,0,0,0,0,0,2.5
59414,Farmar,59,5.323244241,47.916652,6.468748021,6.849402426,3.989312612,26.93204964,4.847768935,157.4905058,0,0,0,0,0,2.5
59444,Farmar,58,5.12497768,46.13197534,6.227816671,6.594293436,3.840728919,25.92895367,4.66721166,149.8740042,0,0,0,0,0,2.5
59475,Farmar,57,5.268518451,47.42404327,6.402245841,6.778986916,3.948300351,26.65517381,4.797931285,152.2761158,0,0,0,0,0,2.5
59505,Farmar,57,5.072290177,45.65771403,6.163791394,6.526500583,3.801244177,25.6623902,4.619230235,147.3470875,0,0,0,0,0,2.5
59536,Farmar,57,5.214355272,46.93649881,6.336427339,6.709295315,3.907709718,26.3811444,4.748605993,152.2412887,0,0,0,0,0,2.5
59567,Farmar,57,5.187043475,46.6906544,6.303238344,6.674153309,3.887241881,26.24296501,4.723733702,152.2240094,0,0,0,0,0,2.5
59595,Farmar,57,4.661715461,41.96196669,5.664865502,5.998215326,3.493553826,23.58515719,4.245328295,137.4771271,0,0,0,0,0,2.5
59626,Farmar,55,5.132182126,45.91105269,6.197992113,6.604034196,3.84612803,25.80478181,4.644860725,146.5199571,0,0,0,0,0,2.5
59656,Farmar,53,4.930191541,43.32617686,5.849033876,6.347674632,3.694753501,24.35192563,4.383346613,136.7943278,0,0,0,0,0,2.5
59687,Farmar,52,5.068276727,44.53965977,6.012854069,6.525460794,3.798236443,25.03397624,4.506115724,138.751004,0,0,0,0,0,2.5
59717,Farmar,52,4.879506543,42.88076066,5.788902689,6.282417152,3.656769465,24.10157484,4.338283472,134.2596075,0,0,0,0,0,2.5
59748,Farmar,51,5.016172139,44.08176832,5.951038723,6.458375577,3.759188546,24.77661362,4.459790451,135.6415583,0,0,0,0,0,2.5
59779,Farmar,50,4.989898388,43.85087644,5.919868319,6.42454784,3.739498635,24.64683845,4.436430921,133.0513605,0,0,0,0,0,2.5
59809,Farmar,49,4.804047439,42.21763136,5.699380234,6.185262745,3.600219372,23.72885617,4.27119411,126.2464301,0,0,0,0,0,2.5
59840,Farmar,49,4.938599571,43.40006604,5.859008916,6.358500062,3.701054595,24.3934558,4.390822045,130.4392799,0,0,0,0,0,2.5
59870,Farmar,49,4.75465927,41.78361159,5.640787565,6.121674945,3.563207197,23.48491087,4.227283957,126.216768,0,0,0,0,0,2.5
59901,Farmar,48,4.887828134,42.95389022,5.798775179,6.29313129,3.66300578,24.14267807,4.345682053,127.8184945,0,0,0,0,0,2.5
59932,Farmar,48,4.862226624,42.72890595,5.768402303,6.260169071,3.643819655,24.01622334,4.3229202,127.8035766,0,0,0,0,0,2.5
59961,Farmar,48,4.525476156,39.76956649,5.368891477,5.826599221,3.391454213,22.352896,4.02352128,119.5443009,0,0,0,0,0,2.5
59992,Farmar,47,4.813055631,42.29679472,5.710067287,6.196860889,3.606970235,23.77335075,4.279203135,124.6655379,0,0,0,0,0,2.5
60022,Farmar,46,4.633791268,40.72143209,5.497393332,5.966056094,3.472627051,22.8879019,4.119822342,118.0849466,0,0,0,0,0,2.5
60053,Farmar,45,4.763574852,41.86196111,5.65136475,6.133153854,3.569888658,23.52894803,4.235210645,119.4293353,0,0,0,0,0,2.5
60083,Farmar,44,4.586153423,40.30279405,5.440877197,5.904721855,3.436926593,22.65260206,4.077468371,113.069757,0,0,0,0,0,2.5
60114,Farmar,44,4.714602762,41.43159782,5.593265706,6.070101761,3.533188298,23.28705789,4.191670421,116.8252327,0,0,0,0,0,2.5
60145,Farmar,43,4.689908574,41.21458703,5.563969249,6.038307728,3.514682133,23.16508473,4.169715252,114.2308332,0,0,0,0,0,2.5
60175,Farmar,42,4.515230877,39.67953171,5.35673678,5.813408315,3.38377626,22.30229102,4.014412383,108.0281599,0,0,0,0,0,2.5
60206,Farmar,42,4.641693813,40.7908791,5.506768678,5.976230705,3.478549327,22.92693531,4.126848355,111.6161525,0,0,0,0,0,2.5
60236,Farmar,42,4.468811896,39.27160496,5.301666669,5.753643377,3.348989235,22.07301157,3.973142083,108.003167,0,0,0,0,0,2.5
60267,Farmar,42,4.593974725,40.3715271,5.450156159,5.914791866,3.442787984,22.69123419,4.084422153,111.5904596,0,0,0,0,0,2.5
60298,Farmar,42,4.569912363,40.16006876,5.421609283,5.883811316,3.424755319,22.57238184,4.063028731,111.5777117,0,0,0,0,0,2.5
60326,Farmar,41,4.107085514,36.09277893,4.872525156,5.287916771,3.077906498,20.28631954,3.651537517,98.43721195,0,0,0,0,0,2.5
60357,Farmar,40,4.524463906,39.76067092,5.367690574,5.82529594,3.390695619,22.34789615,4.022621307,106.4020259,0,0,0,0,0,2.5
60387,Farmar,40,4.355948269,38.27976733,5.16776859,5.608330244,3.264407677,21.51553898,3.872797017,102.9578124,0,0,0,0,0,2.5
60418,Farmar,39,4.469535959,39.02466939,5.268330368,5.752085422,3.349531858,21.93421888,3.948159399,103.303004,0,0,0,0,0,2.5
60448,Farmar,39,4.297200278,37.37167493,5.045176115,5.529723838,3.220381123,21.00513625,3.780924526,99.95895731,0,0,0,0,0,2.5
60479,Farmar,39,4.417556595,38.41838368,5.186481797,5.684600771,3.310577806,21.59344973,3.886820952,103.2789031,0,0,0,0,0,2.5
60510,Farmar,39,4.394418278,38.21715553,5.159315997,5.654825919,3.293237633,21.48034737,3.866462527,103.2669465,0,0,0,0,0,2.5
60540,Farmar,38,4.221864636,36.4197466,4.916665791,5.420834812,3.163923555,20.4700951,3.684617118,97.41931144,0,0,0,0,0,2.5
60571,Farmar,37,4.334811497,37.24707009,5.028354462,5.560616748,3.248567489,20.93510082,3.768318147,97.59187898,0,0,0,0,0,2.5
60601,Farmar,37,4.173359546,35.85978667,4.8410712,5.353509145,3.127573172,20.15536383,3.627965489,94.43257286,0,0,0,0,0,2.5
60632,Farmar,37,4.290247323,36.86415034,4.976660296,5.503450643,3.215170483,20.71987682,3.729577827,97.56883059,0,0,0,0,0,2.5
60663,Farmar,37,4.267775827,36.67106297,4.950593501,5.47462462,3.198330034,20.61135006,3.710043011,97.55739565,0,0,0,0,0,2.5
60691,Farmar,37,3.83554845,32.95712905,4.449212422,4.92017126,2.874412879,18.52389511,3.334301119,88.10608186,0,0,0,0,0,2.5
60722,Farmar,36,4.225332163,36.3063638,4.901359114,5.420178665,3.166522167,20.40636713,3.673146083,94.97112269,0,0,0,0,0,2.5
60752,Farmar,34,4.067957818,34.9541174,4.718805849,5.21830174,3.048583664,19.64632305,3.53633815,86.37956615,0,0,0,0,0,2.5
60783,Farmar,34,4.181893495,35.93311502,4.850970528,5.364456338,3.133968631,20.19657879,3.635384182,89.24823256,0,0,0,0,0,2.5
60813,Farmar,34,4.026137043,34.59477043,4.670294008,5.164654815,3.017242598,19.44434838,3.499982708,86.35900052,0,0,0,0,0,2.5
60844,Farmar,9,4.1389014,35.56370344,4.801099964,5.309306866,3.101749762,19.98894719,3.598010494,5.747357222,0,0,0,0,0,2.5
60875,Farmar,9,4.117222625,35.37742755,4.77595272,5.281497731,3.085503389,19.8842489,3.579164802,5.746825989,0,0,0,0,0,2.5
60905,Farmar,8,3.963874868,34.05977979,4.598070271,5.084786038,2.970582466,19.14365135,3.445857243,0.091431273,0,0,0,0,0,2.5
60936,Farmar,4,4.074895381,35.01372873,4.726853379,5.227201118,3.053782769,19.67982822,3.542369079,0.093953682,0,0,0,0,0,2.5
60966,Farmar,4,3.92312412,33.70962709,4.550799657,5.032511726,2.940043294,18.94684441,3.410431993,0.090417405,0,0,0,0,0,2.5
60997,Farmar,4,4.020390612,34.13053226,4.607621855,5.160381786,3.012936143,19.18341851,3.453015332,0.092911881,0,0,0,0,0,2.5
61028,Farmar,4,3.997468931,33.89584905,4.575939621,5.131954842,2.99575832,19.05151238,3.429272229,0.092395349,0,0,0,0,0,2.5
61056,Farmar,4,3.586537894,30.42851863,4.107850014,4.605658306,2.687800936,17.10266348,3.078479426,0.082989926,0,0,0,0,0,2.5
61087,Farmar,4,3.942333896,33.42359782,4.512185705,5.065068952,2.954439365,18.7860787,3.381494166,0.091370936,0,0,0,0,0,2.5
61117,Farmar,4,3.782396132,31.6459622,4.272204897,4.863765215,2.8345798,17.78694022,3.20164924,0.087931959,0,0,0,0,0,2.5
61148,Farmar,4,3.888333775,32.53230476,4.391861142,4.999989927,2.91397093,18.28511822,3.291321279,0.090357952,0,0,0,0,0,2.5
61178,Farmar,4,3.730899538,31.1141025,4.200403838,4.800683367,2.795987542,17.48800298,3.147840536,0.08695713,0,0,0,0,0,2.5
61209,Farmar,4,3.833950666,31.97034536,4.315996623,4.9341784,2.873215479,17.96926313,3.234467363,0.089356261,0,0,0,0,0,2.5
61240,Farmar,4,3.813869166,31.8028908,4.293390258,4.908334116,2.858166125,17.87514356,3.217525842,0.088859623,0,0,0,0,0,2.5
61270,Farmar,4,3.67181994,30.61837822,4.133481059,4.725521065,2.751712477,17.20937602,3.097687684,0.085515246,0,0,0,0,0,2.5
61301,Farmar,4,3.766712579,31.22788315,4.215764225,4.849457605,2.822826329,17.55195457,3.159351822,0.087874647,0,0,0,0,0,2.5
61331,Farmar,4,3.620101546,29.89185387,4.035400272,4.662970062,2.712954,16.8010255,3.02418459,0.045044258,0,0,0,0,0,2.5
61362,Farmar,4,3.72149363,30.72906722,4.148424075,4.793570887,2.788938625,17.27158992,3.108886186,0.046306351,0,0,0,0,0,2.5
61393,Farmar,4,3.702001158,30.56811424,4.126695422,4.768463079,2.774330698,17.18112463,3.092602434,0.046068194,0,0,0,0,0,2.5
61422,Farmar,4,3.445606152,28.45101284,3.840886734,4.438206532,2.582184746,15.9911859,2.878413463,0.042874407,0,0,0,0,0,2.5
61453,Farmar,4,3.664563357,30.25898333,4.08496275,4.720240303,2.746274294,17.00737441,3.061327394,0.045595549,0,0,0,0,0,2.5
61483,Farmar,4,3.528075091,29.13197426,3.932816525,4.544432888,2.643988106,16.37392731,2.947306916,0.043897793,0,0,0,0,0,2.5
61514,Farmar,4,3.626889691,29.94790484,4.042967154,4.671713716,2.718041129,16.83252953,3.029855315,0.045127759,0,0,0,0,0,2.5
61544,Farmar,4,3.491804598,28.83248203,3.892385074,4.497713694,2.616806498,16.2055946,2.917007029,0.043447419,0,0,0,0,0,2.5
61575,Farmar,3,3.589603331,29.64002441,4.001403295,4.623686007,2.690098217,16.65948215,2.998706787,0.044664765,0,0,0,0,0,2.5
61606,Farmar,3,3.570801674,29.48477563,3.98044471,4.599468023,2.676007997,16.57222297,2.983000134,0.044435053,0,0,0,0,0,2.5
61636,Farmar,3,3.437805604,28.38660226,3.832191305,4.428158825,2.576338908,15.95498327,2.871896989,0.042780507,0,0,0,0,0,2.5
61667,Farmar,3,3.534091929,29.18165641,3.939523615,4.552183039,2.648497207,16.40185168,2.952333302,0.043979162,0,0,0,0,0,2.5
61697,Farmar,3,3.402463129,28.09477285,3.792794335,4.38263499,2.54985277,15.79095753,2.842372356,0.042341592,0,0,0,0,0,2.5
61728,Farmar,3,3.497759579,28.88165342,3.899023211,4.50538417,2.621269243,16.23323189,2.921981741,0.043527955,0,0,0,0,0,2.5
61759,Farmar,3,3.479438983,28.73037684,3.878600873,4.481785828,2.607539536,16.14820533,2.906676959,0.04330409,0,0,0,0,0,2.5
61787,Farmar,3,3.127051967,25.8206515,3.485787953,4.027884167,2.343455849,14.51276412,2.612297542,0.038912214,0,0,0,0,0,2.5
61818,Farmar,3,3.444835446,28.44464898,3.840027612,4.437213803,2.581607168,15.98760903,2.877769625,0.042859811,0,0,0,0,0,2.5
61848,Farmar,3,3.316531043,27.38521558,3.697004103,4.271947834,2.48545408,15.39214354,2.770585836,0.041263917,0,0,0,0,0,2.5
61879,Farmar,3,3.4094207,28.15222281,3.80055008,4.391596879,2.55506687,15.82324788,2.848184619,0.04242009,0,0,0,0,0,2.5
61909,Farmar,3,3.282435335,27.10368096,3.65899693,4.228029932,2.459902287,15.23390409,2.742102736,0.040840568,0,0,0,0,0,2.5
61940,Farmar,3,3.374370037,27.86280295,3.761478398,4.346448921,2.52879942,15.66057645,2.818903762,0.041984875,0,0,0,0,0,2.5
61971,Farmar,3,3.356227628,27.68532485,3.737518855,4.322746766,2.515203249,15.56082305,2.80094815,0.041768945,0,0,0,0,0,2.5
62001,Farmar,3,3.217667837,26.21274529,3.538720614,4.148639292,2.411364631,14.73314449,2.651966008,0.040213673,0,0,0,0,0,2.5
62032,Farmar,3,3.307788527,26.94691388,3.637833374,4.264834702,2.478902318,15.14579154,2.726242477,0.041340413,0,0,0,0,0,2.5
62062,Farmar,3,3.184588496,25.92207123,3.499479616,4.105520849,2.386574517,14.56976813,2.622558263,0.039801098,0,0,0,0,0,2.5
62093,Farmar,3,3.259307189,26.01467804,3.511981535,4.206514418,2.442569735,14.62181874,2.631927373,0.040916279,0,0,0,0,0,2.5
62124,Farmar,3,3.335778975,26.10761568,3.524528117,4.309992375,2.499878746,14.6740553,2.641329954,0.042062707,0,0,0,0,0,2.5
62152,Farmar,3,3.414044988,26.20088534,3.537119521,4.416015833,2.558532375,14.72647848,2.650766127,0.043241256,0,0,0,0,0,2.5
62183,Farmar,3,3.494147324,26.29448821,3.549755909,4.524647409,2.61856217,14.77908894,2.66023601,0.044452827,0,0,0,0,0,2.5
62213,Farmar,3,3.576129069,26.38842548,3.56243744,4.635951263,2.680000419,14.83188735,2.669739724,0.045698344,0,0,0,0,0,2.5
62244,Farmar,3,3.660034317,26.48269834,3.575164276,4.749993132,2.742880169,14.88487439,2.67927739,0.046978759,0,0,0,0,0,2.5
62274,Farmar,3,3.7459082,26.57730799,3.587936578,4.866840368,2.80723524,14.93805072,2.68884913,0.048295051,0,0,0,0,0,2.5
62305,Farmar,3,3.833796906,26.67225563,3.60075451,4.986561982,2.873100249,14.99141703,2.698455065,0.049648223,0,0,0,0,0,2.5
62336,Farmar,3,3.923747709,26.76754248,3.613618234,5.109228682,2.94051062,15.04497398,2.708095317,0.051039309,0,0,0,0,0,2.5
62366,Farmar,3,4.015808991,26.86316973,3.626527914,5.234912916,3.009502614,15.09872227,2.717770009,0.052469372,0,0,0,0,0,2.5
62397,Farmar,3,4.110030269,26.95913862,3.639483714,5.363688914,3.080113339,15.15266258,2.727479264,0.053939504,0,0,0,0,0,2.5
62427,Farmar,3,4.206462222,27.05545036,3.652485798,5.49563273,3.152380773,15.20679558,2.737223205,0.055450828,0,0,0,0,0,2.5
62458,Farmar,3,4.305156719,27.15210617,3.665534333,5.630822293,3.22634379,15.26112198,2.747001956,0.057004497,0,0,0,0,0,2.5
62489,Farmar,3,4.406166844,27.24910728,3.678629483,5.769337445,3.30204217,15.31564246,2.756815643,0.058601697,0,0,0,0,0,2.5
62517,Farmar,3,4.509546928,27.34645493,3.691771416,5.911259994,3.37951663,15.37035771,2.766664388,0.06024365,0,0,0,0,0,2.5
62548,Farmar,3,4.615352576,27.44415036,3.704960299,6.05667376,3.458808841,15.42526844,2.776548319,0.061931608,0,0,0,0,0,2.5
62578,Farmar,3,4.723640699,27.5421948,3.718196299,6.205664626,3.539961453,15.48037533,2.78646756,0.063666861,0,0,0,0,0,2.5
62609,Farmar,3,4.834469542,27.64058951,3.731479584,6.358320585,3.623018116,15.53567909,2.796422237,0.065450734,0,0,0,0,0,2.5
62639,Farmar,3,4.947898717,27.73933574,3.744810325,6.514731797,3.708023503,15.59118043,2.806412478,0.067284589,0,0,0,0,0,2.5
62670,Farmar,3,5.063989233,27.83843474,3.758188689,6.67499064,3.795023336,15.64688005,2.816438408,0.069169826,0,0,0,0,0,2.5
62701,Farmar,3,5.182803534,27.93788776,3.771614848,6.839191763,3.884064411,15.70277865,2.826500157,0.071107886,0,0,0,0,0,2.5
62731,Farmar,3,5.304405526,28.03769609,3.785088972,7.007432144,3.97519462,15.75887695,2.836597851,0.073100247,0,0,0,0,0,2.5
62762,Farmar,3,5.428860615,28.13786098,3.798611232,7.179811146,4.068462979,15.81517566,2.846731619,0.075148433,0,0,0,0,0,2.5
62792,Farmar,3,5.556235743,28.23838371,3.812181801,7.356430577,4.163919656,15.8716755,2.856901591,0.077254006,0,0,0,0,0,2.5
62823,Farmar,3,5.686599422,28.33926556,3.825800851,7.53739475,4.261615994,15.92837719,2.867107894,0.079418575,0,0,0,0,0,2.5
62854,Farmar,3,5.82002177,28.44050781,3.839468555,7.722810543,4.361604541,15.98528144,2.87735066,0.081643793,0,0,0,0,0,2.5
62883,Farmar,3,5.956574552,28.54211175,3.853185086,7.912787463,4.463939078,16.04238899,2.887630018,0.083931359,0,0,0,0,0,2.5
62914,Farmar,3,6.096331216,28.64407867,3.866950621,8.107437711,4.568674648,16.09970055,2.897946099,0.08628302,0,0,0,0,0,2.5
62944,Farmar,3,6.239366932,28.74640987,3.880765332,8.30687625,4.675867586,16.15721686,2.908299034,0.088700571,0,0,0,0,0,2.5
62975,Farmar,3,6.385758638,28.84910665,3.894629397,8.511220867,4.785575548,16.21493864,2.918688956,0.09118586,0,0,0,0,0,2.5
63005,Farmar,3,6.535585071,28.95217031,3.908542992,8.72059225,4.897857542,16.27286664,2.929115995,0.093740784,0,0,0,0,0,2.5
63036,Farmar,3,6.688926821,29.05560217,3.922506292,8.935114055,5.012773963,16.33100159,2.939580285,0.096367294,0,0,0,0,0,2.5
63067,Farmar,3,6.845866366,29.15940353,3.936519477,9.154912979,5.130386621,16.38934422,2.950081959,0.099067395,0,0,0,0,0,2.5
63097,Farmar,3,7.006488118,29.26357573,3.950582724,9.380118836,5.250758777,16.44789528,2.96062115,0.10184315,0,0,0,0,0,2.5
63128,Farmar,3,7.170878473,29.36812009,3.964696212,9.610864635,5.373955174,16.50665552,2.971197993,0.104696679,0,0,0,0,0,2.5
63158,Farmar,3,7.339125851,29.47303793,3.978860121,9.847286654,5.500042079,16.56562567,2.981812621,0.107630161,0,0,0,0,0,2.5
63189,Farmar,3,7.511320748,29.57833059,3.99307463,10.08952453,5.629087308,16.6248065,2.99246517,0.110645835,0,0,0,0,0,2.5
63220,Farmar,3,7.687555784,29.68399941,4.007339921,10.33772132,5.761160273,16.68419876,3.003155776,0.113746005,0,0,0,0,0,2.5
63248,Farmar,3,7.867925749,29.79004574,4.021656175,10.59202361,5.896332012,16.74380319,3.013884574,0.116933038,0,0,0,0,0,2.5
63279,Farmar,3,8.052527662,29.89647091,4.036023573,10.85258161,6.03467523,16.80362056,3.0246517,0.120209368,0,0,0,0,0,2.5
63309,Farmar,3,8.241460813,30.00327629,4.050442299,11.11954918,6.176264338,16.86365162,3.035457292,0.123577497,0,0,0,0,0,2.5
63340,Farmar,3,8.434826825,30.11046323,4.064912536,11.39308402,6.321175492,16.92389715,3.046301488,0.127039998,0,0,0,0,0,2.5
63370,Farmar,3,8.632729704,30.2180331,4.079434469,11.67334766,6.469486638,16.98435791,3.057184424,0.130599513,0,0,0,0,0,2.5
63401,Farmar,3,8.835275898,30.32598726,4.094008281,11.96050564,6.621277548,17.04503466,3.068106239,0.134258762,0,0,0,0,0,2.5
63432,Farmar,3,9.04257435,30.43432709,4.108634158,12.25472754,6.776629865,17.10592818,3.079067073,0.13802054,0,0,0,0,0,2.5
63462,Farmar,3,9.25473656,30.54305397,4.123312286,12.55618714,6.93562715,17.16703925,3.090067065,0.141887718,0,0,0,0,0,2.5
63493,Farmar,3,9.471876645,30.65216927,4.138042851,12.86506249,7.098354923,17.22836863,3.101106354,0.145863249,0,0,0,0,0,2.5
63523,Farmar,3,9.694111399,30.76167439,4.152826042,13.18153599,7.264900711,17.28991712,3.112185081,0.149950171,0,0,0,0,0,2.5
63554,Farmar,3,9.921560355,30.87157071,4.167662046,13.50579458,7.435354094,17.35168548,3.123303387,0.154151604,0,0,0,0,0,2.5
63585,Farmar,3,10.15434585,30.98185964,4.182551052,13.83802974,7.609806755,17.41367452,3.134461413,0.158470756,0,0,0,0,0,2.5
63613,Farmar,3,10.3925931,31.09254258,4.197493249,14.17843772,7.788352527,17.47588501,3.145659301,0.162910925,0,0,0,0,0,2.5
63644,Farmar,3,10.63643025,31.20362094,4.212488827,14.52721954,7.971087446,17.53831774,3.156897194,0.167475503,0,0,0,0,0,2.5
63674,Farmar,3,10.88598844,31.31509612,4.227537976,14.8845812,8.158109798,17.60097352,3.168175234,0.172167976,0,0,0,0,0,2.5
63705,Farmar,3,11.14140192,31.42696955,4.242640889,15.25073377,8.34952018,17.66385314,3.179493565,0.176991926,0,0,0,0,0,2.5
63735,Farmar,3,11.40280806,31.53924265,4.257797757,15.62589348,8.545421545,17.72695739,3.190852331,0.181951037,0,0,0,0,0,2.5
63766,Farmar,3,11.67034747,31.65191684,4.273008774,16.01028193,8.745919263,17.79028709,3.202251676,0.187049098,0,0,0,0,0,2.5
63797,Farmar,3,11.94416404,31.76499356,4.288274131,16.40412612,8.951121176,17.85384303,3.213691746,0.19229,0,0,0,0,0,2.5
63827,Farmar,3,12.22440506,31.87847426,4.303594025,16.80765866,9.161137658,17.91762603,3.225172685,0.197677746,0,0,0,0,0,2.5
63858,Farmar,3,12.51122126,31.99236036,4.318968648,17.22111788,9.376081671,17.98163689,3.23669464,0.203216451,0,0,0,0,0,2.5
63888,Farmar,3,12.80476691,32.10665332,4.334398198,17.64474797,9.596068826,18.04587643,3.248257757,0.208910344,0,0,0,0,0,2.5
63919,Farmar,3,13.1051999,32.22135459,4.34988287,18.07879913,9.82121745,18.11034546,3.259862184,0.214763773,0,0,0,0,0,2.5
63950,Farmar,3,13.41268182,32.33646564,4.365422861,18.52352771,10.05164864,18.17504482,3.271508067,0.220781208,0,0,0,0,0,2.5
63978,Farmar,3,13.72737807,32.45198792,4.381018369,18.97919637,10.28748635,18.23997531,3.283195556,0.226967246,0,0,0,0,0,2.5
64009,Farmar,3,14.04945791,32.5679229,4.396669591,19.44607423,10.52885742,18.30513777,3.294924798,0.233326609,0,0,0,0,0,2.5
64039,Farmar,3,14.37909457,32.68427206,4.412376728,19.92443703,10.77589168,18.37053301,3.306695943,0.239864154,0,0,0,0,0,2.5
64070,Farmar,3,14.71646536,32.80103688,4.428139979,20.4145673,11.028722,18.43616189,3.31850914,0.246584874,0,0,0,0,0,2.5
64100,Farmar,3,15.06175175,32.91821885,4.443959544,20.9167545,11.28748438,18.50202522,3.33036454,0.2534939,0,0,0,0,0,2.5
64131,Farmar,3,15.41513945,33.03581944,4.459835625,21.43129523,11.55231799,18.56812386,3.342262294,0.26059651,0,0,0,0,0,2.5
64162,Farmar,3,15.77681854,33.15384017,4.475768423,21.95849338,11.82336529,18.63445862,3.354202552,0.267898126,0,0,0,0,0,2.5
64192,Farmar,3,16.14698355,33.27228253,4.491758141,22.49866032,12.10077205,18.70103038,3.366185468,0.275404326,0,0,0,0,0,2.5
64223,Farmar,3,16.5258336,33.39114802,4.507804983,23.05211508,12.3846875,18.76783996,3.378211192,0.283120841,0,0,0,0,0,2.5
64253,Farmar,3,16.91357245,33.51043816,4.523909152,23.61918451,12.67526434,18.83488821,3.390279878,0.291053563,0,0,0,0,0,2.5
64284,Farmar,3,17.31040866,33.63015447,4.540070853,24.20020355,12.97265887,18.902176,3.40239168,0.299208552,0,0,0,0,0,2.5
64315,Farmar,3,17.71655567,33.75029846,4.556290292,24.79551533,13.27703103,18.96970417,3.414546751,0.307592034,0,0,0,0,0,2.5
64344,Farmar,3,18.13223195,33.87087167,4.572567675,25.40547146,13.58854456,19.03747359,3.426745246,0.316210411,0,0,0,0,0,2.5
64375,Farmar,3,18.55766106,33.99187563,4.58890321,26.03043218,13.90736701,19.10548512,3.438987321,0.325070266,0,0,0,0,0,2.5
64405,Farmar,3,18.99307185,34.11331187,4.605297103,26.67076659,14.23366985,19.17373961,3.45127313,0.334178364,0,0,0,0,0,2.5
64436,Farmar,3,19.43869849,34.23518195,4.621749563,27.32685287,14.5676286,19.24223795,3.463602831,0.34354166,0,0,0,0,0,2.5
64466,Farmar,3,19.8947807,34.35748741,4.6382608,27.99907853,14.90942289,19.310981,3.47597658,0.353167305,0,0,0,0,0,2.5
64497,Farmar,3,20.36156377,34.4802298,4.654831023,28.68784056,15.25923656,19.37996963,3.488394533,0.363062649,0,0,0,0,0,2.5
64528,Farmar,3,20.83929878,34.6034107,4.671460444,29.39354576,15.61725777,19.44920472,3.50085685,0.37323525,0,0,0,0,0,2.5
64558,Farmar,3,21.3282427,34.72703166,4.688149273,30.11661093,15.98367908,19.51868716,3.513363689,0.383692876,0,0,0,0,0,2.5
64589,Farmar,3,21.8286585,34.85109425,4.704897724,30.8574631,16.35869758,19.58841783,3.525915209,0.394443512,0,0,0,0,0,2.5
64619,Farmar,3,22.34081535,34.97560006,4.721706008,31.61653984,16.74251498,19.65839761,3.538511569,0.405495369,0,0,0,0,0,2.5
64650,Farmar,3,22.86498873,35.10055067,4.73857434,32.39428944,17.13533774,19.72862739,3.55115293,0.416856886,0,0,0,0,0,2.5
64681,Farmar,3,23.40146058,35.22594766,4.755502935,33.19117127,17.53737714,19.79910806,3.563839451,0.42853674,0,0,0,0,0,2.5
64709,Farmar,3,23.95051944,35.35179264,4.772492007,34.00765594,17.94884942,19.86984053,3.576571296,0.44054385,0,0,0,0,0,2.5
64740,Farmar,3,24.51246065,35.4780872,4.789541772,34.8442257,18.3699759,19.9408257,3.589348625,0.452887386,0,0,0,0,0,2.5
64770,Farmar,3,25.08758645,35.60483295,4.806652448,35.70137461,18.80098311,20.01206445,3.602171602,0.465576773,0,0,0,0,0,2.5
64801,Farmar,3,25.6762062,35.7320315,4.823824252,36.57960892,19.24210286,20.08355771,3.615040388,0.478621702,0,0,0,0,0,2.5
64831,Farmar,3,26.27863648,35.85968446,4.841057402,37.47944732,19.69357242,20.15530638,3.627955149,0.492032136,0,0,0,0,0,2.5
64862,Farmar,3,26.89520134,35.98779347,4.858352118,38.40142125,20.15563462,20.22731137,3.640916047,0.505818315,0,0,0,0,0,2.5
64893,Farmar,3,27.52623241,36.11636015,4.87570862,39.34607523,20.62853801,20.2995736,3.653923249,0.519990766,0,0,0,0,0,2.5
64923,Farmar,3,28.1720691,36.24538613,4.893127127,40.31396718,21.11253693,20.37209399,3.666976918,0.534560314,0,0,0,0,0,2.5
64954,Farmar,3,28.8330588,36.37487306,4.910607863,41.30566875,21.60789171,20.44487346,3.680077223,0.549538083,0,0,0,0,0,2.5
64984,Farmar,3,29.50955702,36.50482258,4.928151048,42.32176563,22.11486881,20.51791293,3.693224328,0.564935513,0,0,0,0,0,2.5
65015,Farmar,3,30.20192765,36.63523635,4.945756907,43.36285794,22.6337409,20.59121334,3.706418401,0.580764361,0,0,0,0,0,2.5
65046,Farmar,3,30.91054308,36.76611602,4.963425663,44.42956056,23.16478707,20.66477561,3.71965961,0.597036715,0,0,0,0,0,2.5
65074,Farmar,3,31.63578446,36.89746326,4.98115754,45.52250347,23.70829296,20.73860068,3.732948123,0.613765002,0,0,0,0,0,2.5
65105,Farmar,3,32.37804189,37.02927974,4.998952765,46.64233219,24.2645509,20.8126895,3.74628411,0.630961996,0,0,0,0,0,2.5
65135,Farmar,3,33.13771459,37.16156713,5.016811563,47.78970807,24.8338601,20.887043,3.75966774,0.648640831,0,0,0,0,0,2.5
65166,Farmar,3,33.91521119,37.29432713,5.034734162,48.96530878,25.41652677,20.96166212,3.773099182,0.666815006,0,0,0,0,0,2.5
65196,Farmar,3,34.71094987,37.42756141,5.05272079,50.16982863,26.0128643,21.03654783,3.786578609,0.685498401,0,0,0,0,0,2.5
65227,Farmar,3,35.52535863,37.56127167,5.070771675,51.403979,26.62319346,21.11170106,3.800106191,0.704705284,0,0,0,0,0,2.5
65258,Farmar,3,36.35887554,37.69545961,5.088887047,52.6684888,27.24784252,21.18712278,3.813682101,0.724450321,0,0,0,0,0,2.5
65288,Farmar,3,37.21194891,37.83012693,5.107067136,53.96410485,27.88714746,21.26281395,3.82730651,0.744748592,0,0,0,0,0,2.5
65319,Farmar,3,38.0850376,37.96527536,5.125312174,55.29159234,28.54145216,21.33877552,3.840979593,0.765615597,0,0,0,0,0,2.5
65349,Farmar,3,38.9786112,38.10090661,5.143622392,56.65173531,29.21110853,21.41500846,3.854701523,0.787067272,0,0,0,0,0,2.5
65380,Farmar,3,39.89315036,38.2370224,5.161998024,58.04533704,29.89647678,21.49151375,3.868472475,0.809119998,0,0,0,0,0,2.5
65411,Farmar,3,40.82914697,38.37362447,5.180439303,59.47322062,30.59792555,21.56829235,3.882292623,0.831790616,0,0,0,0,0,2.5
65439,Farmar,3,41.78710448,38.51071454,5.198946463,60.93622935,31.31583211,21.64534525,3.896162144,0.855096439,0,0,0,0,0,2.5
65470,Farmar,3,42.76753816,38.64829438,5.217519741,62.4352273,32.05058263,21.72267341,3.910081215,0.879055265,0,0,0,0,0,2.5
65500,Farmar,3,43.77097536,38.78636571,5.236159371,63.97109978,32.80257229,21.80027784,3.924050011,0.90368539,0,0,0,0,0,2.5
65531,Farmar,3,44.79795578,38.92493031,5.254865592,65.54475389,33.57220558,21.8781595,3.93806871,0.929005623,0,0,0,0,0,2.5
65561,Farmar,3,45.84903183,39.06398993,5.273638641,67.15711902,34.35989646,21.9563194,3.952137492,0.955035299,0,0,0,0,0,2.5
65592,Farmar,3,46.92476884,39.20354635,5.292478757,68.80914746,35.16606861,22.03475853,3.966256535,0.981794298,0,0,0,0,0,2.5
65623,Farmar,3,48.02574543,39.34360133,5.311386179,70.50181489,35.99115564,22.11347787,3.980426017,1.009303053,0,0,0,0,0,2.5
65653,Farmar,3,49.15255379,39.48415665,5.330361148,72.23612102,36.83560135,22.19247845,3.994646121,1.037582572,0,0,0,0,0,2.5
65684,Farmar,3,50.30579998,39.62521412,5.349403906,74.01309013,37.69985995,22.27176125,4.008917026,1.066654451,0,0,0,0,0,2.5
65714,Farmar,3,51.48610432,39.76677551,5.368514694,75.83377171,38.58439628,22.3513273,4.023238914,1.09654089,0,0,0,0,0,2.5
65745,Farmar,3,52.69410165,39.90884263,5.387693755,77.69924106,39.48968614,22.43117759,4.037611967,1.127264714,0,0,0,0,0,2.5
65776,Farmar,3,53.93044172,40.05141728,5.406941333,79.61059994,40.41621643,22.51131315,4.052036367,1.158849384,0,0,0,0,0,2.5
65805,Farmar,3,55.19578954,40.19450129,5.426257674,81.5689772,41.36448553,22.591735,4.066512299,1.19131902,0,0,0,0,0,2.5
65836,Farmar,3,56.49082569,40.33809646,5.445643023,83.57552947,42.33500347,22.67244415,4.081039947,1.224698419,0,0,0,0,0,2.5
65866,Farmar,3,57.81624675,40.48220463,5.465097625,85.63144184,43.32829228,22.75344163,4.095619494,1.25901307,0,0,0,0,0,2.5
65897,Farmar,3,59.17276562,40.62682763,5.48462173,87.73792852,44.34488622,22.83472848,4.110251127,1.294289178,0,0,0,0,0,2.5
65927,Farmar,3,60.56111193,40.77196729,5.504215585,89.89623363,45.38533208,22.91630573,4.124935032,1.330553683,0,0,0,0,0,2.5
65958,Farmar,3,61.98203244,40.91762547,5.523879438,92.10763186,46.4501895,22.99817442,4.139671395,1.367834278,0,0,0,0,0,2.5
65989,Farmar,3,63.43629142,41.06380401,5.543613541,94.37342928,47.54003123,23.08033558,4.154460404,1.406159433,0,0,0,0,0,2.5
66019,Farmar,3,64.92467109,41.21050478,5.563418145,96.69496408,48.65544347,23.16279026,4.169302247,1.445558414,0,0,0,0,0,2.5
