Date,gas_hsc_pct,gas_waha_pct,gas_all_pct,oil_midland_pct,oil_houston_pct,oil_all_pct,ngl_ethane_pct,ngl_propane_pct,ngl_n_butane_pct,ngl_iso_butane_pct,ngl_nat_gasoline_pct,ngl_all_pct
44135,0.476391331,0.523608669,1,1,0,1,1,1,1,1,1,1
44165,0.469589126,0.530410874,1,1,0,1,1,1,1,1,1,1
44196,0.459576677,0.540423323,1,1,0,1,1,1,1,1,1,1
44227,0.455678315,0.544321685,1,1,0,1,1,1,1,1,1,1
44255,0.449709764,0.550290236,1,1,0,1,1,1,1,1,1,1
44286,0.444471193,0.555528807,1,1,0,1,1,1,1,1,1,1
44316,0.44921386,0.55078614,1,1,0,1,1,1,1,1,1,1
44347,0.445634976,0.554365024,1,1,0,1,1,1,1,1,1,1
44377,0.439151552,0.560848448,1,1,0,1,1,1,1,1,1,1
44408,0.43569295,0.56430705,1,1,0,1,1,1,1,1,1,1
44439,0.430749307,0.569250693,1,1,0,1,1,1,1,1,1,1
44469,0.4306627,0.5693373,1,1,0,1,1,1,1,1,1,1
44500,0.427495077,0.572504923,1,1,0,1,1,1,1,1,1,1
44530,0.42385054,0.57614946,1,1,0,1,1,1,1,1,1,1
44561,0.420173491,0.579826509,1,1,0,1,1,1,1,1,1,1
44592,0.416279057,0.583720943,1,1,0,1,1,1,1,1,1,1
44620,0.413234638,0.586765362,1,1,0,1,1,1,1,1,1,1
44651,0.403103808,0.596896192,1,1,0,1,1,1,1,1,1,1
44681,0.399547704,0.600452296,1,1,0,1,1,1,1,1,1,1
44712,0.397255649,0.602744351,1,1,0,1,1,1,1,1,1,1
44742,0.392746351,0.607253649,1,1,0,1,1,1,1,1,1,1
44773,0.389807807,0.610192193,1,1,0,1,1,1,1,1,1,1
44804,0.386288171,0.613711829,1,1,0,1,1,1,1,1,1,1
44834,0.383500533,0.616499467,1,1,0,1,1,1,1,1,1,1
44865,0.380145859,0.619854141,1,1,0,1,1,1,1,1,1,1
44895,0.377132578,0.622867422,1,1,0,1,1,1,1,1,1,1
44926,0.374483272,0.625516728,1,1,0,1,1,1,1,1,1,1
44957,0.371299681,0.628700319,1,1,0,1,1,1,1,1,1,1
44985,0.368791632,0.631208368,1,1,0,1,1,1,1,1,1,1
45016,0.36033025,0.63966975,1,1,0,1,1,1,1,1,1,1
45046,0.36033025,0.63966975,1,1,0,1,1,1,1,1,1,1
45077,0.36033025,0.63966975,1,1,0,1,1,1,1,1,1,1
45107,0.36033025,0.63966975,1,1,0,1,1,1,1,1,1,1
45138,0.36033025,0.63966975,1,1,0,1,1,1,1,1,1,1
45169,0.36033025,0.63966975,1,1,0,1,1,1,1,1,1,1
45199,0.36033025,0.63966975,1,1,0,1,1,1,1,1,1,1
45230,0.36033025,0.63966975,1,1,0,1,1,1,1,1,1,1
45260,0.36033025,0.63966975,1,1,0,1,1,1,1,1,1,1
45291,0.36033025,0.63966975,1,1,0,1,1,1,1,1,1,1
45322,0.36033025,0.63966975,1,1,0,1,1,1,1,1,1,1
45351,0.36033025,0.63966975,1,1,0,1,1,1,1,1,1,1
45382,0.36033025,0.63966975,1,1,0,1,1,1,1,1,1,1
45412,0.36033025,0.63966975,1,1,0,1,1,1,1,1,1,1
45443,0.36033025,0.63966975,1,1,0,1,1,1,1,1,1,1
45473,0.36033025,0.63966975,1,1,0,1,1,1,1,1,1,1
45504,0.36033025,0.63966975,1,1,0,1,1,1,1,1,1,1
45535,0.36033025,0.63966975,1,1,0,1,1,1,1,1,1,1
45565,0.36033025,0.63966975,1,1,0,1,1,1,1,1,1,1
45596,0.36033025,0.63966975,1,1,0,1,1,1,1,1,1,1
45626,0.36033025,0.63966975,1,1,0,1,1,1,1,1,1,1
45657,0.36033025,0.63966975,1,1,0,1,1,1,1,1,1,1
45688,0.36033025,0.63966975,1,1,0,1,1,1,1,1,1,1
45716,0.36033025,0.63966975,1,1,0,1,1,1,1,1,1,1
45747,0.36033025,0.63966975,1,1,0,1,1,1,1,1,1,1
45777,0.36033025,0.63966975,1,1,0,1,1,1,1,1,1,1
45808,0.36033025,0.63966975,1,1,0,1,1,1,1,1,1,1
45838,0.36033025,0.63966975,1,1,0,1,1,1,1,1,1,1
45869,0.36033025,0.63966975,1,1,0,1,1,1,1,1,1,1
45900,0.36033025,0.63966975,1,1,0,1,1,1,1,1,1,1
45930,0.36033025,0.63966975,1,1,0,1,1,1,1,1,1,1
45961,0.36033025,0.63966975,1,1,0,1,1,1,1,1,1,1
45991,0.36033025,0.63966975,1,1,0,1,1,1,1,1,1,1
46022,0.36033025,0.63966975,1,1,0,1,1,1,1,1,1,1
46053,0.36033025,0.63966975,1,1,0,1,1,1,1,1,1,1
46081,0.36033025,0.63966975,1,1,0,1,1,1,1,1,1,1
46112,0.36033025,0.63966975,1,1,0,1,1,1,1,1,1,1
46142,0.36033025,0.63966975,1,1,0,1,1,1,1,1,1,1
46173,0.36033025,0.63966975,1,1,0,1,1,1,1,1,1,1
46203,0.36033025,0.63966975,1,1,0,1,1,1,1,1,1,1
46234,0.36033025,0.63966975,1,1,0,1,1,1,1,1,1,1
46265,0.36033025,0.63966975,1,1,0,1,1,1,1,1,1,1
46295,0.36033025,0.63966975,1,1,0,1,1,1,1,1,1,1
46326,0.36033025,0.63966975,1,1,0,1,1,1,1,1,1,1
46356,0.36033025,0.63966975,1,1,0,1,1,1,1,1,1,1
46387,0.36033025,0.63966975,1,1,0,1,1,1,1,1,1,1
46418,0.36033025,0.63966975,1,1,0,1,1,1,1,1,1,1
46446,0.36033025,0.63966975,1,1,0,1,1,1,1,1,1,1
46477,0.36033025,0.63966975,1,1,0,1,1,1,1,1,1,1
46507,0.36033025,0.63966975,1,1,0,1,1,1,1,1,1,1
46538,0.36033025,0.63966975,1,1,0,1,1,1,1,1,1,1
46568,0.36033025,0.63966975,1,1,0,1,1,1,1,1,1,1
46599,0.36033025,0.63966975,1,1,0,1,1,1,1,1,1,1
46630,0.36033025,0.63966975,1,1,0,1,1,1,1,1,1,1
46660,0.36033025,0.63966975,1,1,0,1,1,1,1,1,1,1
46691,0.36033025,0.63966975,1,1,0,1,1,1,1,1,1,1
46721,0.36033025,0.63966975,1,1,0,1,1,1,1,1,1,1
46752,0.36033025,0.63966975,1,1,0,1,1,1,1,1,1,1
46783,0.36033025,0.63966975,1,1,0,1,1,1,1,1,1,1
46812,0.36033025,0.63966975,1,1,0,1,1,1,1,1,1,1
46843,0.36033025,0.63966975,1,1,0,1,1,1,1,1,1,1
46873,0.36033025,0.63966975,1,1,0,1,1,1,1,1,1,1
46904,0.36033025,0.63966975,1,1,0,1,1,1,1,1,1,1
46934,0.36033025,0.63966975,1,1,0,1,1,1,1,1,1,1
46965,0.36033025,0.63966975,1,1,0,1,1,1,1,1,1,1
46996,0.36033025,0.63966975,1,1,0,1,1,1,1,1,1,1
47026,0.36033025,0.63966975,1,1,0,1,1,1,1,1,1,1
47057,0.36033025,0.63966975,1,1,0,1,1,1,1,1,1,1
47087,0.36033025,0.63966975,1,1,0,1,1,1,1,1,1,1
47118,0.36033025,0.63966975,1,1,0,1,1,1,1,1,1,1
47149,0.36033025,0.63966975,1,1,0,1,1,1,1,1,1,1
47177,0.36033025,0.63966975,1,1,0,1,1,1,1,1,1,1
47208,0.36033025,0.63966975,1,1,0,1,1,1,1,1,1,1
47238,0.36033025,0.63966975,1,1,0,1,1,1,1,1,1,1
47269,0.36033025,0.63966975,1,1,0,1,1,1,1,1,1,1
47299,0.36033025,0.63966975,1,1,0,1,1,1,1,1,1,1
47330,0.36033025,0.63966975,1,1,0,1,1,1,1,1,1,1
47361,0.36033025,0.63966975,1,1,0,1,1,1,1,1,1,1
47391,0.36033025,0.63966975,1,1,0,1,1,1,1,1,1,1
47422,0.36033025,0.63966975,1,1,0,1,1,1,1,1,1,1
47452,0.36033025,0.63966975,1,1,0,1,1,1,1,1,1,1
47483,0.36033025,0.63966975,1,1,0,1,1,1,1,1,1,1
47514,0.36033025,0.63966975,1,1,0,1,1,1,1,1,1,1
47542,0.36033025,0.63966975,1,1,0,1,1,1,1,1,1,1
47573,0.36033025,0.63966975,1,1,0,1,1,1,1,1,1,1
47603,0.36033025,0.63966975,1,1,0,1,1,1,1,1,1,1
47634,0.36033025,0.63966975,1,1,0,1,1,1,1,1,1,1
47664,0.36033025,0.63966975,1,1,0,1,1,1,1,1,1,1
47695,0.36033025,0.63966975,1,1,0,1,1,1,1,1,1,1
47726,0.36033025,0.63966975,1,1,0,1,1,1,1,1,1,1
47756,0.36033025,0.63966975,1,1,0,1,1,1,1,1,1,1
47787,0.36033025,0.63966975,1,1,0,1,1,1,1,1,1,1
47817,0.36033025,0.63966975,1,1,0,1,1,1,1,1,1,1
47848,0.36033025,0.63966975,1,1,0,1,1,1,1,1,1,1
47879,0.36033025,0.63966975,1,1,0,1,1,1,1,1,1,1
47907,0.36033025,0.63966975,1,1,0,1,1,1,1,1,1,1
47938,0.36033025,0.63966975,1,1,0,1,1,1,1,1,1,1
47968,0.36033025,0.63966975,1,1,0,1,1,1,1,1,1,1
47999,0.36033025,0.63966975,1,1,0,1,1,1,1,1,1,1
48029,0.36033025,0.63966975,1,1,0,1,1,1,1,1,1,1
48060,0.36033025,0.63966975,1,1,0,1,1,1,1,1,1,1
48091,0.36033025,0.63966975,1,1,0,1,1,1,1,1,1,1
48121,0.36033025,0.63966975,1,1,0,1,1,1,1,1,1,1
48152,0.36033025,0.63966975,1,1,0,1,1,1,1,1,1,1
48182,0.36033025,0.63966975,1,1,0,1,1,1,1,1,1,1
48213,0.36033025,0.63966975,1,1,0,1,1,1,1,1,1,1
48244,0.36033025,0.63966975,1,1,0,1,1,1,1,1,1,1
48273,0.36033025,0.63966975,1,1,0,1,1,1,1,1,1,1
48304,0.36033025,0.63966975,1,1,0,1,1,1,1,1,1,1
48334,0.36033025,0.63966975,1,1,0,1,1,1,1,1,1,1
48365,0.36033025,0.63966975,1,1,0,1,1,1,1,1,1,1
48395,0.36033025,0.63966975,1,1,0,1,1,1,1,1,1,1
48426,0.36033025,0.63966975,1,1,0,1,1,1,1,1,1,1
48457,0.36033025,0.63966975,1,1,0,1,1,1,1,1,1,1
48487,0.36033025,0.63966975,1,1,0,1,1,1,1,1,1,1
48518,0.36033025,0.63966975,1,1,0,1,1,1,1,1,1,1
48548,0.36033025,0.63966975,1,1,0,1,1,1,1,1,1,1
48579,0.36033025,0.63966975,1,1,0,1,1,1,1,1,1,1
48610,0.36033025,0.63966975,1,1,0,1,1,1,1,1,1,1
48638,0.36033025,0.63966975,1,1,0,1,1,1,1,1,1,1
48669,0.36033025,0.63966975,1,1,0,1,1,1,1,1,1,1
48699,0.36033025,0.63966975,1,1,0,1,1,1,1,1,1,1
48730,0.36033025,0.63966975,1,1,0,1,1,1,1,1,1,1
48760,0.36033025,0.63966975,1,1,0,1,1,1,1,1,1,1
48791,0.36033025,0.63966975,1,1,0,1,1,1,1,1,1,1
48822,0.36033025,0.63966975,1,1,0,1,1,1,1,1,1,1
48852,0.36033025,0.63966975,1,1,0,1,1,1,1,1,1,1
48883,0.36033025,0.63966975,1,1,0,1,1,1,1,1,1,1
48913,0.36033025,0.63966975,1,1,0,1,1,1,1,1,1,1
48944,0.36033025,0.63966975,1,1,0,1,1,1,1,1,1,1
48975,0.36033025,0.63966975,1,1,0,1,1,1,1,1,1,1
49003,0.36033025,0.63966975,1,1,0,1,1,1,1,1,1,1
49034,0.36033025,0.63966975,1,1,0,1,1,1,1,1,1,1
49064,0.36033025,0.63966975,1,1,0,1,1,1,1,1,1,1
49095,0.36033025,0.63966975,1,1,0,1,1,1,1,1,1,1
49125,0.36033025,0.63966975,1,1,0,1,1,1,1,1,1,1
49156,0.36033025,0.63966975,1,1,0,1,1,1,1,1,1,1
49187,0.36033025,0.63966975,1,1,0,1,1,1,1,1,1,1
49217,0.36033025,0.63966975,1,1,0,1,1,1,1,1,1,1
49248,0.36033025,0.63966975,1,1,0,1,1,1,1,1,1,1
49278,0.36033025,0.63966975,1,1,0,1,1,1,1,1,1,1
49309,0.36033025,0.63966975,1,1,0,1,1,1,1,1,1,1
49340,0.36033025,0.63966975,1,1,0,1,1,1,1,1,1,1
49368,0.36033025,0.63966975,1,1,0,1,1,1,1,1,1,1
49399,0.36033025,0.63966975,1,1,0,1,1,1,1,1,1,1
49429,0.36033025,0.63966975,1,1,0,1,1,1,1,1,1,1
49460,0.36033025,0.63966975,1,1,0,1,1,1,1,1,1,1
49490,0.36033025,0.63966975,1,1,0,1,1,1,1,1,1,1
49521,0.36033025,0.63966975,1,1,0,1,1,1,1,1,1,1
49552,0.36033025,0.63966975,1,1,0,1,1,1,1,1,1,1
49582,0.36033025,0.63966975,1,1,0,1,1,1,1,1,1,1
49613,0.36033025,0.63966975,1,1,0,1,1,1,1,1,1,1
49643,0.36033025,0.63966975,1,1,0,1,1,1,1,1,1,1
49674,0.36033025,0.63966975,1,1,0,1,1,1,1,1,1,1
49705,0.36033025,0.63966975,1,1,0,1,1,1,1,1,1,1
49734,0.36033025,0.63966975,1,1,0,1,1,1,1,1,1,1
49765,0.36033025,0.63966975,1,1,0,1,1,1,1,1,1,1
49795,0.36033025,0.63966975,1,1,0,1,1,1,1,1,1,1
49826,0.36033025,0.63966975,1,1,0,1,1,1,1,1,1,1
49856,0.36033025,0.63966975,1,1,0,1,1,1,1,1,1,1
49887,0.36033025,0.63966975,1,1,0,1,1,1,1,1,1,1
49918,0.36033025,0.63966975,1,1,0,1,1,1,1,1,1,1
49948,0.36033025,0.63966975,1,1,0,1,1,1,1,1,1,1
49979,0.36033025,0.63966975,1,1,0,1,1,1,1,1,1,1
50009,0.36033025,0.63966975,1,1,0,1,1,1,1,1,1,1
50040,0.36033025,0.63966975,1,1,0,1,1,1,1,1,1,1
50071,0.36033025,0.63966975,1,1,0,1,1,1,1,1,1,1
50099,0.36033025,0.63966975,1,1,0,1,1,1,1,1,1,1
50130,0.36033025,0.63966975,1,1,0,1,1,1,1,1,1,1
50160,0.36033025,0.63966975,1,1,0,1,1,1,1,1,1,1
50191,0.36033025,0.63966975,1,1,0,1,1,1,1,1,1,1
50221,0.36033025,0.63966975,1,1,0,1,1,1,1,1,1,1
50252,0.36033025,0.63966975,1,1,0,1,1,1,1,1,1,1
50283,0.36033025,0.63966975,1,1,0,1,1,1,1,1,1,1
50313,0.36033025,0.63966975,1,1,0,1,1,1,1,1,1,1
50344,0.36033025,0.63966975,1,1,0,1,1,1,1,1,1,1
50374,0.36033025,0.63966975,1,1,0,1,1,1,1,1,1,1
50405,0.36033025,0.63966975,1,1,0,1,1,1,1,1,1,1
50436,0.36033025,0.63966975,1,1,0,1,1,1,1,1,1,1
50464,0.36033025,0.63966975,1,1,0,1,1,1,1,1,1,1
50495,0.36033025,0.63966975,1,1,0,1,1,1,1,1,1,1
50525,0.36033025,0.63966975,1,1,0,1,1,1,1,1,1,1
50556,0.36033025,0.63966975,1,1,0,1,1,1,1,1,1,1
50586,0.36033025,0.63966975,1,1,0,1,1,1,1,1,1,1
50617,0.36033025,0.63966975,1,1,0,1,1,1,1,1,1,1
50648,0.36033025,0.63966975,1,1,0,1,1,1,1,1,1,1
50678,0.36033025,0.63966975,1,1,0,1,1,1,1,1,1,1
50709,0.36033025,0.63966975,1,1,0,1,1,1,1,1,1,1
50739,0.36033025,0.63966975,1,1,0,1,1,1,1,1,1,1
50770,0.36033025,0.63966975,1,1,0,1,1,1,1,1,1,1
50801,0.36033025,0.63966975,1,1,0,1,1,1,1,1,1,1
50829,0.36033025,0.63966975,1,1,0,1,1,1,1,1,1,1
50860,0.36033025,0.63966975,1,1,0,1,1,1,1,1,1,1
50890,0.36033025,0.63966975,1,1,0,1,1,1,1,1,1,1
50921,0.36033025,0.63966975,1,1,0,1,1,1,1,1,1,1
50951,0.36033025,0.63966975,1,1,0,1,1,1,1,1,1,1
50982,0.36033025,0.63966975,1,1,0,1,1,1,1,1,1,1
51013,0.36033025,0.63966975,1,1,0,1,1,1,1,1,1,1
51043,0.36033025,0.63966975,1,1,0,1,1,1,1,1,1,1
51074,0.36033025,0.63966975,1,1,0,1,1,1,1,1,1,1
51104,0.36033025,0.63966975,1,1,0,1,1,1,1,1,1,1
51135,0.36033025,0.63966975,1,1,0,1,1,1,1,1,1,1
51166,0.36033025,0.63966975,1,1,0,1,1,1,1,1,1,1
51195,0.36033025,0.63966975,1,1,0,1,1,1,1,1,1,1
51226,0.36033025,0.63966975,1,1,0,1,1,1,1,1,1,1
51256,0.36033025,0.63966975,1,1,0,1,1,1,1,1,1,1
51287,0.36033025,0.63966975,1,1,0,1,1,1,1,1,1,1
51317,0.36033025,0.63966975,1,1,0,1,1,1,1,1,1,1
51348,0.36033025,0.63966975,1,1,0,1,1,1,1,1,1,1
51379,0.36033025,0.63966975,1,1,0,1,1,1,1,1,1,1
51409,0.36033025,0.63966975,1,1,0,1,1,1,1,1,1,1
51440,0.36033025,0.63966975,1,1,0,1,1,1,1,1,1,1
51470,0.36033025,0.63966975,1,1,0,1,1,1,1,1,1,1
51501,0.36033025,0.63966975,1,1,0,1,1,1,1,1,1,1
51532,0.36033025,0.63966975,1,1,0,1,1,1,1,1,1,1
51560,0.36033025,0.63966975,1,1,0,1,1,1,1,1,1,1
51591,0.36033025,0.63966975,1,1,0,1,1,1,1,1,1,1
51621,0.36033025,0.63966975,1,1,0,1,1,1,1,1,1,1
51652,0.36033025,0.63966975,1,1,0,1,1,1,1,1,1,1
51682,0.36033025,0.63966975,1,1,0,1,1,1,1,1,1,1
51713,0.36033025,0.63966975,1,1,0,1,1,1,1,1,1,1
51744,0.36033025,0.63966975,1,1,0,1,1,1,1,1,1,1
51774,0.36033025,0.63966975,1,1,0,1,1,1,1,1,1,1
51805,0.36033025,0.63966975,1,1,0,1,1,1,1,1,1,1
51835,0.36033025,0.63966975,1,1,0,1,1,1,1,1,1,1
51866,0.36033025,0.63966975,1,1,0,1,1,1,1,1,1,1
51897,0.36033025,0.63966975,1,1,0,1,1,1,1,1,1,1
51925,0.36033025,0.63966975,1,1,0,1,1,1,1,1,1,1
51956,0.36033025,0.63966975,1,1,0,1,1,1,1,1,1,1
51986,0.36033025,0.63966975,1,1,0,1,1,1,1,1,1,1
52017,0.36033025,0.63966975,1,1,0,1,1,1,1,1,1,1
52047,0.36033025,0.63966975,1,1,0,1,1,1,1,1,1,1
52078,0.36033025,0.63966975,1,1,0,1,1,1,1,1,1,1
52109,0.36033025,0.63966975,1,1,0,1,1,1,1,1,1,1
52139,0.36033025,0.63966975,1,1,0,1,1,1,1,1,1,1
52170,0.36033025,0.63966975,1,1,0,1,1,1,1,1,1,1
52200,0.36033025,0.63966975,1,1,0,1,1,1,1,1,1,1
52231,0.36033025,0.63966975,1,1,0,1,1,1,1,1,1,1
52262,0.36033025,0.63966975,1,1,0,1,1,1,1,1,1,1
52290,0.36033025,0.63966975,1,1,0,1,1,1,1,1,1,1
52321,0.36033025,0.63966975,1,1,0,1,1,1,1,1,1,1
52351,0.36033025,0.63966975,1,1,0,1,1,1,1,1,1,1
52382,0.36033025,0.63966975,1,1,0,1,1,1,1,1,1,1
52412,0.36033025,0.63966975,1,1,0,1,1,1,1,1,1,1
52443,0.36033025,0.63966975,1,1,0,1,1,1,1,1,1,1
52474,0.36033025,0.63966975,1,1,0,1,1,1,1,1,1,1
52504,0.36033025,0.63966975,1,1,0,1,1,1,1,1,1,1
52535,0.36033025,0.63966975,1,1,0,1,1,1,1,1,1,1
52565,0.36033025,0.63966975,1,1,0,1,1,1,1,1,1,1
52596,0.36033025,0.63966975,1,1,0,1,1,1,1,1,1,1
52627,0.36033025,0.63966975,1,1,0,1,1,1,1,1,1,1
52656,0.36033025,0.63966975,1,1,0,1,1,1,1,1,1,1
52687,0.36033025,0.63966975,1,1,0,1,1,1,1,1,1,1
52717,0.36033025,0.63966975,1,1,0,1,1,1,1,1,1,1
52748,0.36033025,0.63966975,1,1,0,1,1,1,1,1,1,1
52778,0.36033025,0.63966975,1,1,0,1,1,1,1,1,1,1
52809,0.36033025,0.63966975,1,1,0,1,1,1,1,1,1,1
52840,0.36033025,0.63966975,1,1,0,1,1,1,1,1,1,1
52870,0.36033025,0.63966975,1,1,0,1,1,1,1,1,1,1
52901,0.36033025,0.63966975,1,1,0,1,1,1,1,1,1,1
52931,0.36033025,0.63966975,1,1,0,1,1,1,1,1,1,1
52962,0.36033025,0.63966975,1,1,0,1,1,1,1,1,1,1
52993,0.36033025,0.63966975,1,1,0,1,1,1,1,1,1,1
53021,0.36033025,0.63966975,1,1,0,1,1,1,1,1,1,1
53052,0.36033025,0.63966975,1,1,0,1,1,1,1,1,1,1
53082,0.36033025,0.63966975,1,1,0,1,1,1,1,1,1,1
53113,0.36033025,0.63966975,1,1,0,1,1,1,1,1,1,1
53143,0.36033025,0.63966975,1,1,0,1,1,1,1,1,1,1
53174,0.36033025,0.63966975,1,1,0,1,1,1,1,1,1,1
53205,0.36033025,0.63966975,1,1,0,1,1,1,1,1,1,1
53235,0.36033025,0.63966975,1,1,0,1,1,1,1,1,1,1
53266,0.36033025,0.63966975,1,1,0,1,1,1,1,1,1,1
53296,0.36033025,0.63966975,1,1,0,1,1,1,1,1,1,1
53327,0.36033025,0.63966975,1,1,0,1,1,1,1,1,1,1
53358,0.36033025,0.63966975,1,1,0,1,1,1,1,1,1,1
53386,0.36033025,0.63966975,1,1,0,1,1,1,1,1,1,1
53417,0.36033025,0.63966975,1,1,0,1,1,1,1,1,1,1
53447,0.36033025,0.63966975,1,1,0,1,1,1,1,1,1,1
53478,0.36033025,0.63966975,1,1,0,1,1,1,1,1,1,1
53508,0.36033025,0.63966975,1,1,0,1,1,1,1,1,1,1
53539,0.36033025,0.63966975,1,1,0,1,1,1,1,1,1,1
53570,0.36033025,0.63966975,1,1,0,1,1,1,1,1,1,1
53600,0.36033025,0.63966975,1,1,0,1,1,1,1,1,1,1
53631,0.36033025,0.63966975,1,1,0,1,1,1,1,1,1,1
53661,0.36033025,0.63966975,1,1,0,1,1,1,1,1,1,1
53692,0.36033025,0.63966975,1,1,0,1,1,1,1,1,1,1
53723,0.36033025,0.63966975,1,1,0,1,1,1,1,1,1,1
53751,0.36033025,0.63966975,1,1,0,1,1,1,1,1,1,1
53782,0.36033025,0.63966975,1,1,0,1,1,1,1,1,1,1
53812,0.36033025,0.63966975,1,1,0,1,1,1,1,1,1,1
53843,0.36033025,0.63966975,1,1,0,1,1,1,1,1,1,1
53873,0.36033025,0.63966975,1,1,0,1,1,1,1,1,1,1
53904,0.36033025,0.63966975,1,1,0,1,1,1,1,1,1,1
53935,0.36033025,0.63966975,1,1,0,1,1,1,1,1,1,1
53965,0.36033025,0.63966975,1,1,0,1,1,1,1,1,1,1
53996,0.36033025,0.63966975,1,1,0,1,1,1,1,1,1,1
54026,0.36033025,0.63966975,1,1,0,1,1,1,1,1,1,1
54057,0.36033025,0.63966975,1,1,0,1,1,1,1,1,1,1
54088,0.36033025,0.63966975,1,1,0,1,1,1,1,1,1,1
54117,0.36033025,0.63966975,1,1,0,1,1,1,1,1,1,1
54148,0.36033025,0.63966975,1,1,0,1,1,1,1,1,1,1
54178,0.36033025,0.63966975,1,1,0,1,1,1,1,1,1,1
54209,0.36033025,0.63966975,1,1,0,1,1,1,1,1,1,1
54239,0.36033025,0.63966975,1,1,0,1,1,1,1,1,1,1
54270,0.36033025,0.63966975,1,1,0,1,1,1,1,1,1,1
54301,0.36033025,0.63966975,1,1,0,1,1,1,1,1,1,1
54331,0.36033025,0.63966975,1,1,0,1,1,1,1,1,1,1
54362,0.36033025,0.63966975,1,1,0,1,1,1,1,1,1,1
54392,0.36033025,0.63966975,1,1,0,1,1,1,1,1,1,1
54423,0.36033025,0.63966975,1,1,0,1,1,1,1,1,1,1
54454,0.36033025,0.63966975,1,1,0,1,1,1,1,1,1,1
54482,0.36033025,0.63966975,1,1,0,1,1,1,1,1,1,1
54513,0.36033025,0.63966975,1,1,0,1,1,1,1,1,1,1
54543,0.36033025,0.63966975,1,1,0,1,1,1,1,1,1,1
54574,0.36033025,0.63966975,1,1,0,1,1,1,1,1,1,1
54604,0.36033025,0.63966975,1,1,0,1,1,1,1,1,1,1
54635,0.36033025,0.63966975,1,1,0,1,1,1,1,1,1,1
54666,0.36033025,0.63966975,1,1,0,1,1,1,1,1,1,1
54696,0.36033025,0.63966975,1,1,0,1,1,1,1,1,1,1
54727,0.36033025,0.63966975,1,1,0,1,1,1,1,1,1,1
54757,0.36033025,0.63966975,1,1,0,1,1,1,1,1,1,1
54788,0.36033025,0.63966975,1,1,0,1,1,1,1,1,1,1
54819,0.36033025,0.63966975,1,1,0,1,1,1,1,1,1,1
54847,0.36033025,0.63966975,1,1,0,1,1,1,1,1,1,1
54878,0.36033025,0.63966975,1,1,0,1,1,1,1,1,1,1
54908,0.36033025,0.63966975,1,1,0,1,1,1,1,1,1,1
54939,0.36033025,0.63966975,1,1,0,1,1,1,1,1,1,1
54969,0.36033025,0.63966975,1,1,0,1,1,1,1,1,1,1
55000,0.36033025,0.63966975,1,1,0,1,1,1,1,1,1,1
55031,0.36033025,0.63966975,1,1,0,1,1,1,1,1,1,1
55061,0.36033025,0.63966975,1,1,0,1,1,1,1,1,1,1
55092,0.36033025,0.63966975,1,1,0,1,1,1,1,1,1,1
55122,0.36033025,0.63966975,1,1,0,1,1,1,1,1,1,1
55153,0.36033025,0.63966975,1,1,0,1,1,1,1,1,1,1
55184,0.36033025,0.63966975,1,1,0,1,1,1,1,1,1,1
55212,0.36033025,0.63966975,1,1,0,1,1,1,1,1,1,1
55243,0.36033025,0.63966975,1,1,0,1,1,1,1,1,1,1
55273,0.36033025,0.63966975,1,1,0,1,1,1,1,1,1,1
55304,0.36033025,0.63966975,1,1,0,1,1,1,1,1,1,1
55334,0.36033025,0.63966975,1,1,0,1,1,1,1,1,1,1
55365,0.36033025,0.63966975,1,1,0,1,1,1,1,1,1,1
55396,0.36033025,0.63966975,1,1,0,1,1,1,1,1,1,1
55426,0.36033025,0.63966975,1,1,0,1,1,1,1,1,1,1
55457,0.36033025,0.63966975,1,1,0,1,1,1,1,1,1,1
55487,0.36033025,0.63966975,1,1,0,1,1,1,1,1,1,1
55518,0.36033025,0.63966975,1,1,0,1,1,1,1,1,1,1
55549,0.36033025,0.63966975,1,1,0,1,1,1,1,1,1,1
55578,0.36033025,0.63966975,1,1,0,1,1,1,1,1,1,1
55609,0.36033025,0.63966975,1,1,0,1,1,1,1,1,1,1
55639,0.36033025,0.63966975,1,1,0,1,1,1,1,1,1,1
55670,0.36033025,0.63966975,1,1,0,1,1,1,1,1,1,1
55700,0.36033025,0.63966975,1,1,0,1,1,1,1,1,1,1
55731,0.36033025,0.63966975,1,1,0,1,1,1,1,1,1,1
55762,0.36033025,0.63966975,1,1,0,1,1,1,1,1,1,1
55792,0.36033025,0.63966975,1,1,0,1,1,1,1,1,1,1
55823,0.36033025,0.63966975,1,1,0,1,1,1,1,1,1,1
55853,0.36033025,0.63966975,1,1,0,1,1,1,1,1,1,1
55884,0.36033025,0.63966975,1,1,0,1,1,1,1,1,1,1
55915,0.36033025,0.63966975,1,1,0,1,1,1,1,1,1,1
55943,0.36033025,0.63966975,1,1,0,1,1,1,1,1,1,1
55974,0.36033025,0.63966975,1,1,0,1,1,1,1,1,1,1
56004,0.36033025,0.63966975,1,1,0,1,1,1,1,1,1,1
56035,0.36033025,0.63966975,1,1,0,1,1,1,1,1,1,1
56065,0.36033025,0.63966975,1,1,0,1,1,1,1,1,1,1
56096,0.36033025,0.63966975,1,1,0,1,1,1,1,1,1,1
56127,0.36033025,0.63966975,1,1,0,1,1,1,1,1,1,1
56157,0.36033025,0.63966975,1,1,0,1,1,1,1,1,1,1
56188,0.36033025,0.63966975,1,1,0,1,1,1,1,1,1,1
56218,0.36033025,0.63966975,1,1,0,1,1,1,1,1,1,1
56249,0.36033025,0.63966975,1,1,0,1,1,1,1,1,1,1
56280,0.36033025,0.63966975,1,1,0,1,1,1,1,1,1,1
56308,0.36033025,0.63966975,1,1,0,1,1,1,1,1,1,1
56339,0.36033025,0.63966975,1,1,0,1,1,1,1,1,1,1
56369,0.36033025,0.63966975,1,1,0,1,1,1,1,1,1,1
56400,0.36033025,0.63966975,1,1,0,1,1,1,1,1,1,1
56430,0.36033025,0.63966975,1,1,0,1,1,1,1,1,1,1
56461,0.36033025,0.63966975,1,1,0,1,1,1,1,1,1,1
56492,0.36033025,0.63966975,1,1,0,1,1,1,1,1,1,1
56522,0.36033025,0.63966975,1,1,0,1,1,1,1,1,1,1
56553,0.36033025,0.63966975,1,1,0,1,1,1,1,1,1,1
56583,0.36033025,0.63966975,1,1,0,1,1,1,1,1,1,1
56614,0.36033025,0.63966975,1,1,0,1,1,1,1,1,1,1
56645,0.36033025,0.63966975,1,1,0,1,1,1,1,1,1,1
56673,0.36033025,0.63966975,1,1,0,1,1,1,1,1,1,1
56704,0.36033025,0.63966975,1,1,0,1,1,1,1,1,1,1
56734,0.36033025,0.63966975,1,1,0,1,1,1,1,1,1,1
56765,0.36033025,0.63966975,1,1,0,1,1,1,1,1,1,1
56795,0.36033025,0.63966975,1,1,0,1,1,1,1,1,1,1
56826,0.36033025,0.63966975,1,1,0,1,1,1,1,1,1,1
56857,0.36033025,0.63966975,1,1,0,1,1,1,1,1,1,1
56887,0.36033025,0.63966975,1,1,0,1,1,1,1,1,1,1
56918,0.36033025,0.63966975,1,1,0,1,1,1,1,1,1,1
56948,0.36033025,0.63966975,1,1,0,1,1,1,1,1,1,1
56979,0.36033025,0.63966975,1,1,0,1,1,1,1,1,1,1
57010,0.36033025,0.63966975,1,1,0,1,1,1,1,1,1,1
57039,0.36033025,0.63966975,1,1,0,1,1,1,1,1,1,1
57070,0.36033025,0.63966975,1,1,0,1,1,1,1,1,1,1
57100,0.36033025,0.63966975,1,1,0,1,1,1,1,1,1,1
57131,0.36033025,0.63966975,1,1,0,1,1,1,1,1,1,1
57161,0.36033025,0.63966975,1,1,0,1,1,1,1,1,1,1
57192,0.36033025,0.63966975,1,1,0,1,1,1,1,1,1,1
57223,0.36033025,0.63966975,1,1,0,1,1,1,1,1,1,1
57253,0.36033025,0.63966975,1,1,0,1,1,1,1,1,1,1
57284,0.36033025,0.63966975,1,1,0,1,1,1,1,1,1,1
57314,0.36033025,0.63966975,1,1,0,1,1,1,1,1,1,1
57345,0.36033025,0.63966975,1,1,0,1,1,1,1,1,1,1
57376,0.36033025,0.63966975,1,1,0,1,1,1,1,1,1,1
57404,0.36033025,0.63966975,1,1,0,1,1,1,1,1,1,1
57435,0.36033025,0.63966975,1,1,0,1,1,1,1,1,1,1
57465,0.36033025,0.63966975,1,1,0,1,1,1,1,1,1,1
57496,0.36033025,0.63966975,1,1,0,1,1,1,1,1,1,1
57526,0.36033025,0.63966975,1,1,0,1,1,1,1,1,1,1
57557,0.36033025,0.63966975,1,1,0,1,1,1,1,1,1,1
57588,0.36033025,0.63966975,1,1,0,1,1,1,1,1,1,1
57618,0.36033025,0.63966975,1,1,0,1,1,1,1,1,1,1
57649,0.36033025,0.63966975,1,1,0,1,1,1,1,1,1,1
57679,0.36033025,0.63966975,1,1,0,1,1,1,1,1,1,1
57710,0.36033025,0.63966975,1,1,0,1,1,1,1,1,1,1
57741,0.36033025,0.63966975,1,1,0,1,1,1,1,1,1,1
57769,0.36033025,0.63966975,1,1,0,1,1,1,1,1,1,1
57800,0.36033025,0.63966975,1,1,0,1,1,1,1,1,1,1
57830,0.36033025,0.63966975,1,1,0,1,1,1,1,1,1,1
57861,0.36033025,0.63966975,1,1,0,1,1,1,1,1,1,1
57891,0.36033025,0.63966975,1,1,0,1,1,1,1,1,1,1
57922,0.36033025,0.63966975,1,1,0,1,1,1,1,1,1,1
57953,0.36033025,0.63966975,1,1,0,1,1,1,1,1,1,1
57983,0.36033025,0.63966975,1,1,0,1,1,1,1,1,1,1
58014,0.36033025,0.63966975,1,1,0,1,1,1,1,1,1,1
58044,0.36033025,0.63966975,1,1,0,1,1,1,1,1,1,1
58075,0.36033025,0.63966975,1,1,0,1,1,1,1,1,1,1
58106,0.36033025,0.63966975,1,1,0,1,1,1,1,1,1,1
58134,0.36033025,0.63966975,1,1,0,1,1,1,1,1,1,1
58165,0.36033025,0.63966975,1,1,0,1,1,1,1,1,1,1
58195,0.36033025,0.63966975,1,1,0,1,1,1,1,1,1,1
58226,0.36033025,0.63966975,1,1,0,1,1,1,1,1,1,1
58256,0.36033025,0.63966975,1,1,0,1,1,1,1,1,1,1
58287,0.36033025,0.63966975,1,1,0,1,1,1,1,1,1,1
58318,0.36033025,0.63966975,1,1,0,1,1,1,1,1,1,1
58348,0.36033025,0.63966975,1,1,0,1,1,1,1,1,1,1
58379,0.36033025,0.63966975,1,1,0,1,1,1,1,1,1,1
58409,0.36033025,0.63966975,1,1,0,1,1,1,1,1,1,1
58440,0.36033025,0.63966975,1,1,0,1,1,1,1,1,1,1
58471,0.36033025,0.63966975,1,1,0,1,1,1,1,1,1,1
58500,0.36033025,0.63966975,1,1,0,1,1,1,1,1,1,1
58531,0.36033025,0.63966975,1,1,0,1,1,1,1,1,1,1
58561,0.36033025,0.63966975,1,1,0,1,1,1,1,1,1,1
58592,0.36033025,0.63966975,1,1,0,1,1,1,1,1,1,1
58622,0.36033025,0.63966975,1,1,0,1,1,1,1,1,1,1
58653,0.36033025,0.63966975,1,1,0,1,1,1,1,1,1,1
58684,0.36033025,0.63966975,1,1,0,1,1,1,1,1,1,1
58714,0.36033025,0.63966975,1,1,0,1,1,1,1,1,1,1
58745,0.36033025,0.63966975,1,1,0,1,1,1,1,1,1,1
58775,0.36033025,0.63966975,1,1,0,1,1,1,1,1,1,1
58806,0.36033025,0.63966975,1,1,0,1,1,1,1,1,1,1
58837,0.36033025,0.63966975,1,1,0,1,1,1,1,1,1,1
58865,0.36033025,0.63966975,1,1,0,1,1,1,1,1,1,1
58896,0.36033025,0.63966975,1,1,0,1,1,1,1,1,1,1
58926,0.36033025,0.63966975,1,1,0,1,1,1,1,1,1,1
58957,0.36033025,0.63966975,1,1,0,1,1,1,1,1,1,1
58987,0.36033025,0.63966975,1,1,0,1,1,1,1,1,1,1
59018,0.36033025,0.63966975,1,1,0,1,1,1,1,1,1,1
59049,0.36033025,0.63966975,1,1,0,1,1,1,1,1,1,1
59079,0.36033025,0.63966975,1,1,0,1,1,1,1,1,1,1
59110,0.36033025,0.63966975,1,1,0,1,1,1,1,1,1,1
59140,0.36033025,0.63966975,1,1,0,1,1,1,1,1,1,1
59171,0.36033025,0.63966975,1,1,0,1,1,1,1,1,1,1
59202,0.36033025,0.63966975,1,1,0,1,1,1,1,1,1,1
59230,0.36033025,0.63966975,1,1,0,1,1,1,1,1,1,1
59261,0.36033025,0.63966975,1,1,0,1,1,1,1,1,1,1
59291,0.36033025,0.63966975,1,1,0,1,1,1,1,1,1,1
59322,0.36033025,0.63966975,1,1,0,1,1,1,1,1,1,1
59352,0.36033025,0.63966975,1,1,0,1,1,1,1,1,1,1
59383,0.36033025,0.63966975,1,1,0,1,1,1,1,1,1,1
59414,0.36033025,0.63966975,1,1,0,1,1,1,1,1,1,1
59444,0.36033025,0.63966975,1,1,0,1,1,1,1,1,1,1
59475,0.36033025,0.63966975,1,1,0,1,1,1,1,1,1,1
59505,0.36033025,0.63966975,1,1,0,1,1,1,1,1,1,1
59536,0.36033025,0.63966975,1,1,0,1,1,1,1,1,1,1
59567,0.36033025,0.63966975,1,1,0,1,1,1,1,1,1,1
59595,0.36033025,0.63966975,1,1,0,1,1,1,1,1,1,1
59626,0.36033025,0.63966975,1,1,0,1,1,1,1,1,1,1
59656,0.36033025,0.63966975,1,1,0,1,1,1,1,1,1,1
59687,0.36033025,0.63966975,1,1,0,1,1,1,1,1,1,1
59717,0.36033025,0.63966975,1,1,0,1,1,1,1,1,1,1
59748,0.36033025,0.63966975,1,1,0,1,1,1,1,1,1,1
59779,0.36033025,0.63966975,1,1,0,1,1,1,1,1,1,1
59809,0.36033025,0.63966975,1,1,0,1,1,1,1,1,1,1
59840,0.36033025,0.63966975,1,1,0,1,1,1,1,1,1,1
59870,0.36033025,0.63966975,1,1,0,1,1,1,1,1,1,1
59901,0.36033025,0.63966975,1,1,0,1,1,1,1,1,1,1
59932,0.36033025,0.63966975,1,1,0,1,1,1,1,1,1,1
59961,0.36033025,0.63966975,1,1,0,1,1,1,1,1,1,1
59992,0.36033025,0.63966975,1,1,0,1,1,1,1,1,1,1
60022,0.36033025,0.63966975,1,1,0,1,1,1,1,1,1,1
60053,0.36033025,0.63966975,1,1,0,1,1,1,1,1,1,1
60083,0.36033025,0.63966975,1,1,0,1,1,1,1,1,1,1
60114,0.36033025,0.63966975,1,1,0,1,1,1,1,1,1,1
60145,0.36033025,0.63966975,1,1,0,1,1,1,1,1,1,1
60175,0.36033025,0.63966975,1,1,0,1,1,1,1,1,1,1
60206,0.36033025,0.63966975,1,1,0,1,1,1,1,1,1,1
60236,0.36033025,0.63966975,1,1,0,1,1,1,1,1,1,1
60267,0.36033025,0.63966975,1,1,0,1,1,1,1,1,1,1
60298,0.36033025,0.63966975,1,1,0,1,1,1,1,1,1,1
60326,0.36033025,0.63966975,1,1,0,1,1,1,1,1,1,1
60357,0.36033025,0.63966975,1,1,0,1,1,1,1,1,1,1
60387,0.36033025,0.63966975,1,1,0,1,1,1,1,1,1,1
60418,0.36033025,0.63966975,1,1,0,1,1,1,1,1,1,1
60448,0.36033025,0.63966975,1,1,0,1,1,1,1,1,1,1
60479,0.36033025,0.63966975,1,1,0,1,1,1,1,1,1,1
60510,0.36033025,0.63966975,1,1,0,1,1,1,1,1,1,1
60540,0.36033025,0.63966975,1,1,0,1,1,1,1,1,1,1
60571,0.36033025,0.63966975,1,1,0,1,1,1,1,1,1,1
60601,0.36033025,0.63966975,1,1,0,1,1,1,1,1,1,1
60632,0.36033025,0.63966975,1,1,0,1,1,1,1,1,1,1
60663,0.36033025,0.63966975,1,1,0,1,1,1,1,1,1,1
60691,0.36033025,0.63966975,1,1,0,1,1,1,1,1,1,1
60722,0.36033025,0.63966975,1,1,0,1,1,1,1,1,1,1
60752,0.36033025,0.63966975,1,1,0,1,1,1,1,1,1,1
60783,0.36033025,0.63966975,1,1,0,1,1,1,1,1,1,1
60813,0.36033025,0.63966975,1,1,0,1,1,1,1,1,1,1
60844,0.36033025,0.63966975,1,1,0,1,1,1,1,1,1,1
60875,0.36033025,0.63966975,1,1,0,1,1,1,1,1,1,1
60905,0.36033025,0.63966975,1,1,0,1,1,1,1,1,1,1
60936,0.36033025,0.63966975,1,1,0,1,1,1,1,1,1,1
60966,0.36033025,0.63966975,1,1,0,1,1,1,1,1,1,1
60997,0.36033025,0.63966975,1,1,0,1,1,1,1,1,1,1
61028,0.36033025,0.63966975,1,1,0,1,1,1,1,1,1,1
61056,0.36033025,0.63966975,1,1,0,1,1,1,1,1,1,1
61087,0.36033025,0.63966975,1,1,0,1,1,1,1,1,1,1
61117,0.36033025,0.63966975,1,1,0,1,1,1,1,1,1,1
61148,0.36033025,0.63966975,1,1,0,1,1,1,1,1,1,1
61178,0.36033025,0.63966975,1,1,0,1,1,1,1,1,1,1
61209,0.36033025,0.63966975,1,1,0,1,1,1,1,1,1,1
61240,0.36033025,0.63966975,1,1,0,1,1,1,1,1,1,1
61270,0.36033025,0.63966975,1,1,0,1,1,1,1,1,1,1
61301,0.36033025,0.63966975,1,1,0,1,1,1,1,1,1,1
61331,0.36033025,0.63966975,1,1,0,1,1,1,1,1,1,1
61362,0.36033025,0.63966975,1,1,0,1,1,1,1,1,1,1
61393,0.36033025,0.63966975,1,1,0,1,1,1,1,1,1,1
61422,0.36033025,0.63966975,1,1,0,1,1,1,1,1,1,1
61453,0.36033025,0.63966975,1,1,0,1,1,1,1,1,1,1
61483,0.36033025,0.63966975,1,1,0,1,1,1,1,1,1,1
61514,0.36033025,0.63966975,1,1,0,1,1,1,1,1,1,1
61544,0.36033025,0.63966975,1,1,0,1,1,1,1,1,1,1
61575,0.36033025,0.63966975,1,1,0,1,1,1,1,1,1,1
61606,0.36033025,0.63966975,1,1,0,1,1,1,1,1,1,1
61636,0.36033025,0.63966975,1,1,0,1,1,1,1,1,1,1
61667,0.36033025,0.63966975,1,1,0,1,1,1,1,1,1,1
61697,0.36033025,0.63966975,1,1,0,1,1,1,1,1,1,1
61728,0.36033025,0.63966975,1,1,0,1,1,1,1,1,1,1
61759,0.36033025,0.63966975,1,1,0,1,1,1,1,1,1,1
61787,0.36033025,0.63966975,1,1,0,1,1,1,1,1,1,1
61818,0.36033025,0.63966975,1,1,0,1,1,1,1,1,1,1
61848,0.36033025,0.63966975,1,1,0,1,1,1,1,1,1,1
61879,0.36033025,0.63966975,1,1,0,1,1,1,1,1,1,1
61909,0.36033025,0.63966975,1,1,0,1,1,1,1,1,1,1
61940,0.36033025,0.63966975,1,1,0,1,1,1,1,1,1,1
61971,0.36033025,0.63966975,1,1,0,1,1,1,1,1,1,1
62001,0.36033025,0.63966975,1,1,0,1,1,1,1,1,1,1
62032,0.36033025,0.63966975,1,1,0,1,1,1,1,1,1,1
62062,0.36033025,0.63966975,1,1,0,1,1,1,1,1,1,1
62093,0.36033025,0.63966975,1,1,0,1,1,1,1,1,1,1
62124,0.36033025,0.63966975,1,1,0,1,1,1,1,1,1,1
62152,0.36033025,0.63966975,1,1,0,1,1,1,1,1,1,1
62183,0.36033025,0.63966975,1,1,0,1,1,1,1,1,1,1
62213,0.36033025,0.63966975,1,1,0,1,1,1,1,1,1,1
62244,0.36033025,0.63966975,1,1,0,1,1,1,1,1,1,1
62274,0.36033025,0.63966975,1,1,0,1,1,1,1,1,1,1
62305,0.36033025,0.63966975,1,1,0,1,1,1,1,1,1,1
62336,0.36033025,0.63966975,1,1,0,1,1,1,1,1,1,1
62366,0.36033025,0.63966975,1,1,0,1,1,1,1,1,1,1
62397,0.36033025,0.63966975,1,1,0,1,1,1,1,1,1,1
62427,0.36033025,0.63966975,1,1,0,1,1,1,1,1,1,1
62458,0.36033025,0.63966975,1,1,0,1,1,1,1,1,1,1
62489,0.36033025,0.63966975,1,1,0,1,1,1,1,1,1,1
62517,0.36033025,0.63966975,1,1,0,1,1,1,1,1,1,1
62548,0.36033025,0.63966975,1,1,0,1,1,1,1,1,1,1
62578,0.36033025,0.63966975,1,1,0,1,1,1,1,1,1,1
62609,0.36033025,0.63966975,1,1,0,1,1,1,1,1,1,1
62639,0.36033025,0.63966975,1,1,0,1,1,1,1,1,1,1
62670,0.36033025,0.63966975,1,1,0,1,1,1,1,1,1,1
62701,0.36033025,0.63966975,1,1,0,1,1,1,1,1,1,1
62731,0.36033025,0.63966975,1,1,0,1,1,1,1,1,1,1
62762,0.36033025,0.63966975,1,1,0,1,1,1,1,1,1,1
62792,0.36033025,0.63966975,1,1,0,1,1,1,1,1,1,1
62823,0.36033025,0.63966975,1,1,0,1,1,1,1,1,1,1
62854,0.36033025,0.63966975,1,1,0,1,1,1,1,1,1,1
62883,0.36033025,0.63966975,1,1,0,1,1,1,1,1,1,1
62914,0.36033025,0.63966975,1,1,0,1,1,1,1,1,1,1
62944,0.36033025,0.63966975,1,1,0,1,1,1,1,1,1,1
62975,0.36033025,0.63966975,1,1,0,1,1,1,1,1,1,1
63005,0.36033025,0.63966975,1,1,0,1,1,1,1,1,1,1
63036,0.36033025,0.63966975,1,1,0,1,1,1,1,1,1,1
63067,0.36033025,0.63966975,1,1,0,1,1,1,1,1,1,1
63097,0.36033025,0.63966975,1,1,0,1,1,1,1,1,1,1
63128,0.36033025,0.63966975,1,1,0,1,1,1,1,1,1,1
63158,0.36033025,0.63966975,1,1,0,1,1,1,1,1,1,1
63189,0.36033025,0.63966975,1,1,0,1,1,1,1,1,1,1
63220,0.36033025,0.63966975,1,1,0,1,1,1,1,1,1,1
63248,0.36033025,0.63966975,1,1,0,1,1,1,1,1,1,1
63279,0.36033025,0.63966975,1,1,0,1,1,1,1,1,1,1
63309,0.36033025,0.63966975,1,1,0,1,1,1,1,1,1,1
63340,0.36033025,0.63966975,1,1,0,1,1,1,1,1,1,1
63370,0.36033025,0.63966975,1,1,0,1,1,1,1,1,1,1
63401,0.36033025,0.63966975,1,1,0,1,1,1,1,1,1,1
63432,0.36033025,0.63966975,1,1,0,1,1,1,1,1,1,1
63462,0.36033025,0.63966975,1,1,0,1,1,1,1,1,1,1
63493,0.36033025,0.63966975,1,1,0,1,1,1,1,1,1,1
63523,0.36033025,0.63966975,1,1,0,1,1,1,1,1,1,1
63554,0.36033025,0.63966975,1,1,0,1,1,1,1,1,1,1
63585,0.36033025,0.63966975,1,1,0,1,1,1,1,1,1,1
63613,0.36033025,0.63966975,1,1,0,1,1,1,1,1,1,1
63644,0.36033025,0.63966975,1,1,0,1,1,1,1,1,1,1
63674,0.36033025,0.63966975,1,1,0,1,1,1,1,1,1,1
63705,0.36033025,0.63966975,1,1,0,1,1,1,1,1,1,1
63735,0.36033025,0.63966975,1,1,0,1,1,1,1,1,1,1
63766,0.36033025,0.63966975,1,1,0,1,1,1,1,1,1,1
63797,0.36033025,0.63966975,1,1,0,1,1,1,1,1,1,1
63827,0.36033025,0.63966975,1,1,0,1,1,1,1,1,1,1
63858,0.36033025,0.63966975,1,1,0,1,1,1,1,1,1,1
63888,0.36033025,0.63966975,1,1,0,1,1,1,1,1,1,1
63919,0.36033025,0.63966975,1,1,0,1,1,1,1,1,1,1
63950,0.36033025,0.63966975,1,1,0,1,1,1,1,1,1,1
63978,0.36033025,0.63966975,1,1,0,1,1,1,1,1,1,1
64009,0.36033025,0.63966975,1,1,0,1,1,1,1,1,1,1
64039,0.36033025,0.63966975,1,1,0,1,1,1,1,1,1,1
64070,0.36033025,0.63966975,1,1,0,1,1,1,1,1,1,1
64100,0.36033025,0.63966975,1,1,0,1,1,1,1,1,1,1
64131,0.36033025,0.63966975,1,1,0,1,1,1,1,1,1,1
64162,0.36033025,0.63966975,1,1,0,1,1,1,1,1,1,1
64192,0.36033025,0.63966975,1,1,0,1,1,1,1,1,1,1
64223,0.36033025,0.63966975,1,1,0,1,1,1,1,1,1,1
64253,0.36033025,0.63966975,1,1,0,1,1,1,1,1,1,1
64284,0.36033025,0.63966975,1,1,0,1,1,1,1,1,1,1
64315,0.36033025,0.63966975,1,1,0,1,1,1,1,1,1,1
64344,0.36033025,0.63966975,1,1,0,1,1,1,1,1,1,1
64375,0.36033025,0.63966975,1,1,0,1,1,1,1,1,1,1
64405,0.36033025,0.63966975,1,1,0,1,1,1,1,1,1,1
64436,0.36033025,0.63966975,1,1,0,1,1,1,1,1,1,1
64466,0.36033025,0.63966975,1,1,0,1,1,1,1,1,1,1
64497,0.36033025,0.63966975,1,1,0,1,1,1,1,1,1,1
64528,0.36033025,0.63966975,1,1,0,1,1,1,1,1,1,1
64558,0.36033025,0.63966975,1,1,0,1,1,1,1,1,1,1
64589,0.36033025,0.63966975,1,1,0,1,1,1,1,1,1,1
64619,0.36033025,0.63966975,1,1,0,1,1,1,1,1,1,1
64650,0.36033025,0.63966975,1,1,0,1,1,1,1,1,1,1
64681,0.36033025,0.63966975,1,1,0,1,1,1,1,1,1,1
64709,0.36033025,0.63966975,1,1,0,1,1,1,1,1,1,1
64740,0.36033025,0.63966975,1,1,0,1,1,1,1,1,1,1
64770,0.36033025,0.63966975,1,1,0,1,1,1,1,1,1,1
64801,0.36033025,0.63966975,1,1,0,1,1,1,1,1,1,1
64831,0.36033025,0.63966975,1,1,0,1,1,1,1,1,1,1
64862,0.36033025,0.63966975,1,1,0,1,1,1,1,1,1,1
64893,0.36033025,0.63966975,1,1,0,1,1,1,1,1,1,1
64923,0.36033025,0.63966975,1,1,0,1,1,1,1,1,1,1
64954,0.36033025,0.63966975,1,1,0,1,1,1,1,1,1,1
64984,0.36033025,0.63966975,1,1,0,1,1,1,1,1,1,1
65015,0.36033025,0.63966975,1,1,0,1,1,1,1,1,1,1
65046,0.36033025,0.63966975,1,1,0,1,1,1,1,1,1,1
65074,0.36033025,0.63966975,1,1,0,1,1,1,1,1,1,1
65105,0.36033025,0.63966975,1,1,0,1,1,1,1,1,1,1
65135,0.36033025,0.63966975,1,1,0,1,1,1,1,1,1,1
65166,0.36033025,0.63966975,1,1,0,1,1,1,1,1,1,1
65196,0.36033025,0.63966975,1,1,0,1,1,1,1,1,1,1
65227,0.36033025,0.63966975,1,1,0,1,1,1,1,1,1,1
65258,0.36033025,0.63966975,1,1,0,1,1,1,1,1,1,1
65288,0.36033025,0.63966975,1,1,0,1,1,1,1,1,1,1
65319,0.36033025,0.63966975,1,1,0,1,1,1,1,1,1,1
65349,0.36033025,0.63966975,1,1,0,1,1,1,1,1,1,1
65380,0.36033025,0.63966975,1,1,0,1,1,1,1,1,1,1
65411,0.36033025,0.63966975,1,1,0,1,1,1,1,1,1,1
65439,0.36033025,0.63966975,1,1,0,1,1,1,1,1,1,1
65470,0.36033025,0.63966975,1,1,0,1,1,1,1,1,1,1
65500,0.36033025,0.63966975,1,1,0,1,1,1,1,1,1,1
65531,0.36033025,0.63966975,1,1,0,1,1,1,1,1,1,1
65561,0.36033025,0.63966975,1,1,0,1,1,1,1,1,1,1
65592,0.36033025,0.63966975,1,1,0,1,1,1,1,1,1,1
65623,0.36033025,0.63966975,1,1,0,1,1,1,1,1,1,1
65653,0.36033025,0.63966975,1,1,0,1,1,1,1,1,1,1
65684,0.36033025,0.63966975,1,1,0,1,1,1,1,1,1,1
65714,0.36033025,0.63966975,1,1,0,1,1,1,1,1,1,1
65745,0.36033025,0.63966975,1,1,0,1,1,1,1,1,1,1
65776,0.36033025,0.63966975,1,1,0,1,1,1,1,1,1,1
65805,0.36033025,0.63966975,1,1,0,1,1,1,1,1,1,1
65836,0.36033025,0.63966975,1,1,0,1,1,1,1,1,1,1
65866,0.36033025,0.63966975,1,1,0,1,1,1,1,1,1,1
65897,0.36033025,0.63966975,1,1,0,1,1,1,1,1,1,1
65927,0.36033025,0.63966975,1,1,0,1,1,1,1,1,1,1
65958,0.36033025,0.63966975,1,1,0,1,1,1,1,1,1,1
65989,0.36033025,0.63966975,1,1,0,1,1,1,1,1,1,1
66019,0.36033025,0.63966975,1,1,0,1,1,1,1,1,1,1
