#,SUB-ASSET,Rig Crew #,CAPEX SCENARIO,TARGET,FRAC SIZE,BASE LL FOR CAPEX,PROPNUM,WELL,WELL RANKING,PAD NAME,WELLS ON PAD,DRILL ORDER,TYPE CURVE AREA,High Pressure Gas Trunkline,WI %,NRI %,RESCAT,PERFED LATERAL LENGTH,COMPLETION DESIGN,CURRENT STATUS,TANK BATTERY,AFE,PLANNING & STAKING,PERMITTED,LOCATION BUILDING,SPUD,PAD SPUD,TD,RIG RELEASE (PAD),COMPLETION START,FRAC END,DRILL OUT START,COMPLETION END,PUT ON PRODUCTION,TURNED TO LOE,POST DRILL FILING REQUIREMENTS,1ST OIL,Hedging: Include in BVTH
1,Farmar,Rig Crew 1,FARMAR 11/6/19 AFE//7500//B1//2050,B1,2050,7500,Q8JAD1E900,FARMAR A S504HU,1,PAD 1,1,1,B1 LGOR,East TL,100,75,1PDP,7471,39-1142-3-88-270,ACTIVE,LOW,41505,41505,41505,41505,41505,41505,41529,41536,41554,41558,41559,41562,41564,41629,41601,41571,1
2,Farmar,Rig Crew 1,FARMAR 11/6/19 AFE//7500//B1//2050,B1,2050,7500,Q8JAD0NA00,FARMAR A S114HU,1,PAD 2,1,1,B1 LGOR,North TL,100,75,1PDP,7667,33-1095-3-88-273,ACTIVE,LOW,41505,41505,41505,41505,41540,41540,41556,41560,41592,41596,41597,41600,41605,41688,41637,41607,1
3,Farmar,Rig Crew 1,FARMAR 11/6/19 AFE//7500//B1//2050,B1,2050,7500,Q8JAD1NA00,FARMAR B N492HU,1,PAD 3,1,1,B1 LGOR,East TL,100,75,1PDP,7899,34-1128-3-88-264,ACTIVE,HIGH,41505,41505,41505,41505,41563,41563,41578,41582,41628,41634,41635,41638,41639,41694,41682,41652,1
4,Farmar,Rig Crew 1,FARMAR 11/6/19 AFE//7500//B1//2050,B1,2050,7500,Q8JAD14900,FARMAR A N504HU,1,PAD 4,1,1,B1 LGOR,East TL,100,75,1PDP,7545,36-1173-3-88-261,ACTIVE,LOW,41505,41505,41505,41505,41587,41587,41602,41608,41645,41651,41652,41655,41655,41728,41707,41677,1
5,Farmar,Rig Crew 1,FARMAR 11/6/19 AFE//7500//B1//2050,B1,2050,7500,Q8JAD20900,FARMAR D S542HU,1,PAD 5,1,1,B1 LGOR,East TL,100,75,1PDP,7007,38-1121-3-88-270,ACTIVE,HIGH,41505,41505,41505,41505,41617,41617,41640,41647,41673,41678,41679,41682,41681,41742,41730,41700,1
6,Farmar,Rig Crew 1,FARMAR 11/6/19 AFE//7500//B1//2050,B1,2050,7500,Q8JAD1IA00,FARMAR A S508HU,1,PAD 6,1,1,B1 LGOR,East TL,100,75,1PDP,7313,34-1147-3-88-264,ACTIVE,LOW,41505,41505,41505,41505,41650,41650,41663,41666,41689,41694,41695,41698,41699,41765,41738,41708,1
7,Farmar,Rig Crew 1,FARMAR 11/6/19 AFE//7500//B1//2050,B1,2050,7500,Q8JAD1A900,FARMAR A S502HU,1,PAD 7,1,1,B1 LGOR,East TL,100,75,1PDP,7649,32-1094-3-88-273,ACTIVE,LOW,41505,41505,41505,41505,41668,41668,41683,41687,41708,41713,41714,41717,41716,41772,41764,41734,1
8,Farmar,Rig Crew 1,FARMAR 11/6/19 AFE//7500//B1//2050,B1,2050,7500,Q8JAD11900,FARMAR A N502HU,1,PAD 8,1,1,B1 LGOR,East TL,100,75,1PDP,7597,33-1004-3-88-264,ACTIVE,LOW,41505,41505,41505,41505,41689,41689,41708,41711,41742,41746,41747,41750,41749,41793,41789,41759,1
9,Farmar,Rig Crew 1,FARMAR 11/6/19 AFE//7500//B1//2050,B1,2050,7500,Q8JAD2F900,FARMAR A N714HU,1,PAD 9,1,1,B1 HGOR,71/72,100,75,1PDP,7627,32-1000-3-88-261,ACTIVE,71 SAT,41505,41505,41505,41505,41715,41715,41736,41738,41758,41763,41764,41767,41768,41815,41801,41771,1
10,Farmar,Rig Crew 1,FARMAR 11/6/19 AFE//7500//B1//2050,B1,2050,7500,Q8JAD1VA00,FARMAR B S496HU,1,PAD 10,1,1,B1 LGOR,East TL,100,75,1PDP,7465,31-936-3-88-261,ACTIVE,HIGH,41505,41505,41505,41505,41742,41742,41754,41759,41788,41793,41794,41797,41796,41835,41833,41803,1
11,Farmar,Rig Crew 1,FARMAR 11/6/19 AFE//7500//B1//2050,B1,2050,7500,Q8JAD1KA00,FARMAR B S122HU,1,PAD 11,1,1,B1 LGOR,North TL,100,75,1PDP,7634,36-1479-3-88-258,ACTIVE,LOW,41505,41505,41505,41505,41762,41762,41781,41784,41803,41809,41810,41813,41813,41848,41849,41819,1
12,Farmar,Rig Crew 1,FARMAR 11/6/19 AFE//7500//B1//2050,B3,2050,7500,Q8JAD27900,FARMAR A N712HM,1,PAD 12,1,1,B3 HGOR,71/72,100,75,1PDP,6085,37-1516-3-88-255,ACTIVE,71 SAT,41505,41505,41505,41505,41790,41790,41812,41816,41830,41837,41838,41841,41839,41866,41881,41851,1
13,Farmar,Rig Crew 1,FARMAR 11/6/19 AFE//7500//B1//2050,B1,2050,7500,Q8JAD2IA00,FARMAR D S546HU,1,PAD 13,1,1,B1 LGOR,East TL,100,75,1PDP,7620,40-1686-3-88-270,ACTIVE,HIGH,41505,41505,41505,41505,41820,41820,41838,41841,41866,41875,41876,41879,41879,41918,41922,41892,1
14,Farmar,Rig Crew 1,FARMAR 11/6/19 AFE//7500//B1//2050,B1,2050,7500,Q8JAD1HA00,FARMAR B N122HU,1,PAD 14,1,1,B1 LGOR,North TL,100,75,1PDP,7658,36-1456-3-88-270,ACTIVE,LOW,41505,41505,41505,41505,41845,41845,41859,41862,41884,41890,41891,41894,41899,41948,41944,41914,1
15,Farmar,Rig Crew 1,FARMAR 11/6/19 AFE//7500//B1//2050,B1,2050,7500,Q8JAD2SA00,FARMAR C N532HU,1,PAD 15,1,1,B1 LGOR,53 Spur,100,75,1PDP,9688,36-1408-3-88-270,ACTIVE,HIGH,41505,41505,41505,41505,41866,41866,41882,41888,41903,41912,41913,41916,41917,41966,41952,41922,1
16,Farmar,Rig Crew 1,FARMAR 11/6/19 AFE//7500//B1//2050,B1,2050,7500,Q8JAD2E900,FARMAR A S112HU,1,PAD 16,1,1,B1 LGOR,North TL,100,75,1PDP,7621,32-1072-4-70-280,ACTIVE,LOW,41505,41505,41505,41505,41893,41893,41906,41909,41946,41955,41956,41959,41959,42002,41997,41967,1
17,Farmar,Rig Crew 1,FARMAR 11/6/19 AFE//7500//B1//2050,B1,2050,7500,Q8JAD0LA00,FARMAR A S111HU,1,PAD 16,1,1,B1 LGOR,North TL,100,75,1PDP,7629,32-1074-4-70-284,ACTIVE,LOW,41505,41505,41505,41505,41910,41910,41923,41927,41946,41955,41956,41959,41962,42002,41995,41965,1
18,Farmar,Rig Crew 1,FARMAR 11/6/19 AFE//7500//B1//2050,B3,2050,7500,Q8JAD2OA00,FARMAR C S732HM,1,PAD 17,1,1,B3 HGOR,East TL Ext,100,75,1PDP,7603,30-1192-4-70-276,ACTIVE,73 SAT,41505,41505,41505,41505,41932,41932,41947,41949,41985,41993,41994,41997,41996,42030,42047,42017,1
19,Farmar,Rig Crew 1,FARMAR 11/6/19 AFE//7500//B1//2050,B3,2050,7500,Q8JAD2D900,FARMAR C S733HM,1,PAD 17,1,1,B3 HGOR,East TL Ext,100,75,1PDP,7576,30-1239-4-70-272,ACTIVE,73 SAT,41505,41505,41505,41505,41951,41951,41967,41970,41985,41993,41994,41997,42000,42030,42051,42021,1
20,Farmar,Rig Crew 1,FARMAR 11/6/19 AFE//7500//B1//2050,B3,2050,7500,Q8JAD59900,FARMAR BE PU N897HM,1,PAD 18,1,1,B3 HGOR,89,100,74.164824,1PDP,7221,34-1167-4-70-260,ACTIVE,89 TB,41505,41505,41505,41505,42005,42005,42019,42022,42055,42065,42066,42069,42069,42103,42118,42085,1
21,Farmar,Rig Crew 1,FARMAR 11/6/19 AFE//7500//B1//2050,B1,2050,7500,Q8JADD0A00,FARMAR BE PU N898HU,1,PAD 18,1,1,B1 HGOR,89,100,75,1PDP,7646,34-1236-4-70-272,ACTIVE,89 TB,41505,41505,41505,41505,42024,42024,42034,42038,42055,42065,42066,42069,42071,42106,42115,42088,1
22,Farmar,Rig Crew 1,FARMAR 11/6/19 AFE//7500//B1//2050,B3,2050,7500,Q8JADDIB00,FARMAR A S506HM,1,PAD 19,1,1,B3 LGOR,East TL,100,75,1PDP,7512,35-1129-4-70-276,ACTIVE,LOW,41505,41505,41505,41505,41978,41978,41995,41997,42083,42089,42090,42093,42092,42116,42136,42106,1
23,Farmar,Rig Crew 1,FARMAR 11/6/19 AFE//7500//B1//2050,B3,2050,7500,Q8JADC3A00,FARMAR A N717HM,1,PAD 20,1,1,B3 HGOR,71/72,100,74.164824,1PDP,7106,33-912-4-70-271,ACTIVE,71 SAT,41505,41505,41505,41505,42024,42024,42049,42051,42120,42129,42130,42133,42139,42167,42181,42151,1
24,Farmar,Rig Crew 1,FARMAR 11/6/19 AFE//7500//B1//2050,B1,2050,7500,Q8JADCWB00,FARMAR A N716HU,1,PAD 20,1,1,B1 HGOR,71/72,100,75,1PDP,7656,33-1009-3-88-261,ACTIVE,71 SAT,41505,41505,41505,41505,42035,42035,42061,42065,42120,42129,42130,42133,42154,42176,42185,42155,1
25,Farmar,Rig Crew 1,FARMAR 11/6/19 AFE//7500//B1//2050,B3,2050,7500,Q8JAD7OA00,FARMAR B N496HM,1,PAD 21,1,1,B3 LGOR,East TL,100,75,1PDP,7767,36-1612-3-70-270,ACTIVE,HIGH,41505,41505,41505,41505,41972,41972,42019,42021,42140,42149,42150,42153,42157,42184,42190,42160,1
26,Farmar,Rig Crew 1,FARMAR 11/6/19 AFE//7500//B1//2050,B1,2050,7500,Q8JAD4WA00,FARMAR B N497HU,1,PAD 21,1,1,B1 LGOR,East TL,100,75,1PDP,7744,36-1598-3-70-270,ACTIVE,HIGH,41505,41505,41505,41505,41985,41985,42005,42009,42140,42149,42150,42153,42154,42184,42190,42160,1
27,Farmar,Rig Crew 1,FARMAR 11/6/19 AFE//7500//B1//2050,B3,2050,7500,Q8JAD8VB00,FARMAR BD PU S697HM,1,PAD 22,1,1,B3 LGOR,69 Spur,100,74.16625,1PDP,7146,35-1583-3-70-210,ACTIVE,69 TB,41505,41505,41505,41505,42113,42113,42142,42145,42168,42177,42178,42181,42180,42203,42218,42188,1
28,Farmar,Rig Crew 1,FARMAR 11/6/19 AFE//7500//B1//2050,B1,2050,7500,Q8JADCOB00,FARMAR BD PU S698HU,1,PAD 22,1,1,B1 LGOR,69 Spur,100,74.16625,1PDP,7148,35-1597-3-70-210,ACTIVE,69 TB,41505,41505,41505,41505,42117,42117,42131,42133,42168,42177,42178,42181,42181,42231,42218,42188,1
29,Farmar,Rig Crew 1,FARMAR 11/6/19 AFE//7500//B1//2050,B3,2050,7500,Q8JAD9IB00,FARMAR C S736HM,1,PAD 23,1,1,B3 HGOR,East TL Ext,100,75,1PDP,7557,37-1613-3-70-210,ACTIVE,73 SAT,41505,41505,41505,41505,42069,42069,42106,42109,42200,42212,42213,42216,42214,42248,42259,42229,1
30,Farmar,Rig Crew 1,FARMAR 11/6/19 AFE//7500//B1//2050,B1,2050,7500,Q8JAD1D900,FARMAR C S737HU,1,PAD 23,1,1,B1 HGOR,East TL Ext,100,75,1PDP,7566,37-1613-3-70-210,ACTIVE,73 SAT,41505,41505,41505,41505,42072,42072,42083,42085,42200,42212,42213,42216,42218,42268,42265,42235,1
31,Farmar,Rig Crew 1,FARMAR 11/6/19 AFE//7500//B1//2050,B1,2050,10000,Q8JAD9AA00,FARMAR C N536HU,1,PAD 24,1,1,B1 LGOR,53 Spur,100,75,1PDP,10291,38-1623-3-70-210,ACTIVE,HIGH,41505,41505,41505,41505,42148,42148,42181,42185,42236,42249,42250,42253,42255,42283,42296,42266,1
32,Farmar,Rig Crew 1,FARMAR 11/6/19 AFE//7500//B1//2050,B1,2050,10000,Q8JAD5KA00,FARMAR C N538HU,1,PAD 24,1,1,B1 LGOR,53 Spur,100,75,1PDP,10291,38-1629-3-70-210,ACTIVE,HIGH,41505,41505,41505,41505,42152,42152,42165,42167,42236,42249,42250,42253,42253,42283,42296,42266,1
33,Farmar,Rig Crew 1,FARMAR 11/6/19 AFE//7500//B1//2050,B1,2050,7500,Q8JAD7SA00,FARMAR B N127HU,1,PAD 25,1,1,B1 LGOR,North TL,100,75,1PDP,7631,41-1812-3-61-190,ACTIVE,LOW,41505,41505,41505,41505,42189,42189,42201,42202,42277,42287,42288,42291,42291,42322,42331,42301,1
34,Farmar,Rig Crew 1,FARMAR 11/6/19 AFE//7500//B1//2050,B1,2050,7500,Q8JAD4D900,FARMAR B S127HU,1,PAD 25,1,1,B1 LGOR,North TL,100,75,1PDP,7639,41-1771-3-60-190,ACTIVE,LOW,41505,41505,41505,41505,42191,42191,42209,42212,42277,42287,42288,42291,42293,42322,42331,42301,1
35,Farmar,Rig Crew 1,FARMAR 11/6/19 AFE//7500//B1//2050,B1,2050,7500,Q8JAD6VA00,LANGE A N044HU,1,PAD 26,1,1,B1 LGOR,Non-Farmar 2,100,75,1PDP,6644,38-1777-3-60-190,ACTIVE,LANGE,41505,41505,41505,41505,42217,42217,42243,42245,42305,42312,42313,42316,42315,42344,42354,42324,1
36,Farmar,Rig Crew 1,FARMAR 11/6/19 AFE//7500//B1//2050,B3,2050,7500,Q8JAD44900,LANGE A N045HM,1,PAD 26,1,1,B3 LGOR,Non-Farmar 2,100,75,1PDP,6841,39-1767-3-60-190,ACTIVE,LANGE,41505,41505,41505,41505,42221,42221,42235,42237,42305,42312,42313,42316,42316,42344,42354,42324,1
37,Farmar,Rig Crew 1,FARMAR 11/6/19 AFE//7500//B1//2050,B3,2050,10000,Q8JAD94A00,FARMAR C N533HM,1,PAD 27.15,1,1,B3 LGOR,53 Spur,100,75,1PDP,10071,38-1658-3-60-190,ACTIVE,HIGH,41505,41505,41505,41505,42249,42249,42284,42288,42317,42325,42326,42329,42328,42355,42365,42335,1
38,Farmar,Rig Crew 1,FARMAR 11/6/19 AFE//7500//B1//2050,B3,2050,7500,Q8JAD34900,FARMAR D S543HM,1,PAD 28,1,1,B3 LGOR,East TL,100,75,1PDP,7563,41-1869-3-55-180,ACTIVE,HIGH,41505,41505,41505,41505,42292,42292,42321,42323,42348,42358,42359,42362,42362,42390,42401,42371,1
39,Farmar,Rig Crew 1,FARMAR 11/6/19 AFE//7500//B1//2050,B1,2050,7500,Q8JAD26900,FARMAR D N544HU,1,PAD 28,1,1,B1 LGOR,East TL,100,75,1PDP,7473,41-1882-3-55-180,ACTIVE,HIGH,41505,41505,41505,41505,42296,42296,42308,42309,42348,42358,42359,42362,42361,42390,42403,42373,1
40,Farmar,Rig Crew 1,FARMAR 11/6/19 AFE//7500//B1//2050,B3,2050,7500,Q8JAD8DA00,FARMAR BG PU N893HM,1,PAD 29,1,1,B3 HGOR,89,100,74.164824,1PDP,7021,42-1732-3-55-180,ACTIVE,89 TB,41505,41505,41505,41505,42327,42327,42353,42356,42383,42393,42394,42397,42401,42431,42437,42407,1
41,Farmar,Rig Crew 1,FARMAR 11/6/19 AFE//7500//B1//2050,B1,2050,7500,Q8JADD4A00,FARMAR BG PU N894HU,1,PAD 29,1,1,B1 HGOR,89,100,74.164824,1PDP,7201,42-1833-3-56-180,ACTIVE,89 TB,41505,41505,41505,41505,42331,42331,42344,42345,42383,42393,42394,42397,42409,42431,42444,42414,1
42,Farmar,Rig Crew 1,FARMAR 11/6/19 AFE//7500//B1//2050,B3,2050,7500,Q8JADBWB00,FARMAR A N506HM,1,PAD 30,1,1,B3 LGOR,East TL,100,75,1PDP,7741,41-1838-3-56-180,ACTIVE,LOW,41505,41505,41505,41505,42360,42360,42397,42399,42422,42434,42435,42438,42439,42467,42486,42456,1
43,Farmar,Rig Crew 1,FARMAR 11/6/19 AFE//7500//B1//2050,B3,2050,7500,Q8JADB1B00,FARMAR A N508HM,1,PAD 30,1,1,B3 LGOR,East TL,100,75,1PDP,7377,43-1898-3-55-172,ACTIVE,LOW,41505,41505,41505,41505,42364,42364,42381,42383,42422,42433,42434,42437,42441,42467,42480,42450,1
44,Farmar,Rig Crew 1,FARMAR 11/6/19 AFE//7500//B1//2050,B3,2050,7500,Q8JAD9OB00,FARMAR D S547HM,1,PAD 31,1,1,B3 LGOR,East TL,100,75,1PDP,7351,44-1869-3-54-180,ACTIVE,HIGH,41505,41505,41505,41505,42403,42403,42428,42430,42464,42474,42475,42478,42478,42501,42514,42484,1
45,Farmar,Rig Crew 1,FARMAR 11/6/19 AFE//7500//B1//2050,B3,2050,7500,Q8JAD31900,FARMAR D N547HM,1,PAD 31,1,1,B3 LGOR,East TL,100,75,1PDP,7982,40-1789-3-55-168,ACTIVE,HIGH,41505,41505,41505,41505,42406,42406,42418,42419,42464,42474,42475,42478,42477,42501,42514,42484,1
46,Farmar,Rig Crew 1,FARMAR 11/6/19 AFE//7500//B1//2050,B3,2050,7500,Q8JAD51900,FARMAR B S494HM,1,PAD 32,1,1,B3 LGOR,East TL,100,75,1PDP,7324,43-1827-3-54-178,ACTIVE,HIGH,41505,41505,41505,41505,42517,42517,42546,42548,42575,42585,42586,42589,42591,42618,42625,42595,1
47,Farmar,Rig Crew 1,FARMAR 11/6/19 AFE//7500//B1//2050,B3,2050,7500,Q8JAD70A00,FARMAR B N494HM,1,PAD 32,1,1,B3 LGOR,East TL,100,75,1PDP,7904,47-2004-3-55-180,ACTIVE,HIGH,41505,41505,41505,41505,42520,42520,42534,42537,42575,42585,42586,42589,42590,42618,42626,42596,1
48,Farmar,Rig Crew 1,FARMAR 11/6/19 AFE//7500//B1//2050,B1,2050,7500,Q8JADCIB00,FARMAR BB PU S694HU,1,PAD 33,1,1,B1 LGOR,69 Spur,100,74.16625,1PDP,7196,40-1730-3-54-180,ACTIVE,69 TB,41505,41505,41505,41505,42552,42552,42578,42580,42623,42633,42634,42637,42639,42666,42682,42652,1
49,Farmar,Rig Crew 1,FARMAR 11/6/19 AFE//7500//B1//2050,B3,2050,7500,Q8JAD56900,FARMAR BB PU S693HM,1,PAD 33,1,1,B3 LGOR,69 Spur,100,74.17,1PDP,6814,43-1898-3-52-175,ACTIVE,69 TB,41505,41505,41505,41505,42556,42556,42567,42569,42623,42633,42634,42637,42637,42666,42672,42642,1
50,Farmar,Rig Crew 1,FARMAR 11/6/19 AFE//7500//B1//2050,B3,2050,7500,QAFF6MHGE0,HALCOMB A S272HM,1,PAD 34,1,1,B3 LGOR,Non-Farmar 1,100,75,1PDP,8098,43-1868-3-52-179,ACTIVE,HALCOMB A,41505,41505,41505,41505,42583,42583,42609,42619,42637,42647,42648,42651,42652,42676,42698,42667,1
51,Farmar,Rig Crew 1,FARMAR 11/6/19 AFE//7500//B1//2050,B3,2050,7500,Q8JAD77900,FARMAR A S116HM,1,PAD 35,1,1,B3 LGOR,North TL,100,75,1PDP,7353,43-1868-3-54-180,ACTIVE,LOW,41505,41505,41505,41505,42622,42622,42648,42650,42667,42676,42677,42680,42680,42706,42719,42689,1
52,Farmar,Rig Crew 1,FARMAR 11/6/19 AFE//7500//B1//2050,B1,2050,7500,Q8JAD0QA00,FARMAR A S118HU,1,PAD 35,1,1,B1 LGOR,North TL,100,75,1PDP,7311,44-1923-3-54-179,ACTIVE,LOW,41505,41505,41505,41505,42626,42626,42635,42637,42667,42676,42677,42680,42679,42706,42721,42691,1
53,Farmar,Rig Crew 1,FARMAR 11/6/19 AFE//7500//B1//2050,B3,2050,7500,S27IKIDPG7,FARMAR B S491HD,1,PAD 36.6,1,1,C1 LGOR,East TL,100,75,1PDP,7290,48-2136-3-55-178,ACTIVE,LOW,41505,41505,41505,41505,42673,42673,42687,42689,42717,42724,42725,42728,42727,42759,42762,42732,1
54,Farmar,Rig Crew 1,FARMAR 11/6/19 AFE//7500//B1//2050,B3,2050,7500,Q8JAD5PA00,FARMAR D N542HM,1,PAD 37.5,1,1,B3 LGOR,East TL,100,75,1PDP,7590,43-1843-3-53-178,ACTIVE,HIGH,41505,41505,41505,41505,42656,42656,42669,42671,42738,42745,42746,42749,42748,42774,42788,42758,1
55,Farmar,Rig Crew 1,FARMAR 11/6/19 AFE//7500//B1//2050,B3,2050,7500,Q8JAD6OA00,LANGE AA PU N042HM,1,PAD 38,1,1,B3 LGOR,Non-Farmar 2,100,75,1PDP,7197,42-1823-3-55-180,ACTIVE,LANGE PU,41505,41505,41505,41505,42739,42739,42767,42769,42786,42798,42799,42802,42800,42828,42844,42814,1
56,Farmar,Rig Crew 1,FARMAR 11/6/19 AFE//7500//B1//2050,B1,2050,7500,Q8JAD4C900,LANGE AB PU N044HU,1,PAD 38,1,1,B1 LGOR,Non-Farmar 2,100,75,1PDP,7194,49-2137-3-55-178,ACTIVE,LANGE PU,41505,41505,41505,41505,42743,42743,42753,42755,42786,42798,42799,42802,42801,42828,42845,42815,1
57,Farmar,Rig Crew 1,FARMAR 11/6/19 AFE//7500//B1//2050,B1,2050,7500,Q8JAD2QA00,FARMAR AG PU S714HU,1,PAD 39.9,1,1,B1 HGOR,71/72,100,73.333819,1PDP,7297,45-1837-3-55-180,ACTIVE,71 TB,41505,41505,41505,41505,42772,42772,42798,42800,42816,42827,42828,42831,42831,42855,42872,42842,1
58,Farmar,Rig Crew 1,FARMAR 11/6/19 AFE//7500//B1//2050,B3,2050,7500,Q8JAD3OA00,FARMAR AF PU S715HM,1,PAD 39.9,1,1,B3 HGOR,71/72,100,73.333819,1PDP,7307,42-1787-3-52-177,ACTIVE,71 TB,41505,41505,41505,41505,42776,42776,42789,42792,42816,42827,42828,42831,42830,42855,42872,42842,1
59,Farmar,Rig Crew 1,FARMAR 11/6/19 AFE//7500//B1//2050,B1,2050,7500,QACFDG1B9C,WANORECK C PU N135HU,1,PAD 40,1,1,B1 LGOR,Non-Farmar 1,100,75,1PDP,7168,46-2085-3-46-160,ACTIVE,WANORECK PU,41505,41505,41505,41505,42803,42803,42824,42826,42835,42848,42849,42852,42851,42883,42900,42870,1
60,Farmar,Rig Crew 1,FARMAR 11/6/19 AFE//7500//B1//2050,B1,2050,7500,QACFE688GJ,WANORECK D PU N137HU,1,PAD 40,1,1,B1 LGOR,Non-Farmar 1,100,75,1PDP,7031,48-2090-3-46-160,ACTIVE,WANORECK PU,41505,41505,41505,41505,42804,42804,42813,42815,42835,42848,42849,42852,42853,42883,42900,42870,1
61,Farmar,Rig Crew 1,FARMAR 11/6/19 AFE//7500//B1//2050,B1,2050,7500,Q8JADB7A00,FARMAR AA PU N112HU,1,PAD 41.16,1,1,B1 LGOR,North TL,100,75,1PDP,7245,55-2234-3-39-142,ACTIVE,11 PU TB,41505,41505,41505,41505,42829,42829,42855,42857,42915,42932,42933,42936,42937,42970,42973,42943,1
62,Farmar,Rig Crew 1,FARMAR 11/6/19 AFE//7500//B1//2050,B3,2050,7500,Q8JADB9A00,FARMAR AB PU N113HM,1,PAD 41.16,1,1,B3 LGOR,North TL,100,75,1PDP,7370,58-1926-3-38-142,ACTIVE,11 PU TB,41505,41505,41505,41505,42830,42830,42845,42846,42915,42932,42933,42936,42938,42970,42973,42943,1
63,Farmar,Rig Crew 1,FARMAR 11/6/19 AFE//7500//B1//2050,B3,2050,7500,S15KA9J08E,FARMAR CC PU N736HD,1,PAD 42.23,1,1,C1 HGOR,East TL Ext,100,75,1PDP,7045,64-2596-3-30-125,ACTIVE,73 TB,41505,41505,41505,41505,42860,42860,42887,42889,42965,42979,42980,42983,42984,43013,43037,43007,1
64,Farmar,Rig Crew 1,FARMAR 11/6/19 AFE//7500//B1//2050,B3,2050,7500,S15KAF3B1X,FARMAR CD PU N737HM,1,PAD 42.23,1,1,B3 HGOR,East TL Ext,100,75,1PDP,7165,64-2692-3-29-124,ACTIVE,73 TB,41505,41505,41505,41505,42862,42862,42876,42878,42965,42979,42980,42983,42982,43011,43019,42989,1
65,Farmar,Rig Crew 1,FARMAR 11/6/19 AFE//7500//B1//2050,B1,2050,7500,S15KA8L5SE,FARMAR CA PU N732HU,1,PAD 43.17,1,1,B1 HGOR,East TL Ext,100,75,1PDP,7136,62-2644-3-30-126,ACTIVE,73 TB,41505,41505,41505,41505,42892,42892,42916,42906,42983,43000,43001,43004,43004,43037,43044,43014,1
66,Farmar,Rig Crew 1,FARMAR 11/6/19 AFE//7500//B1//2050,B3,2050,7500,S15KA8QERX,FARMAR CB PU N733HM,1,PAD 43.17,1,1,B3 HGOR,East TL Ext,100,75,1PDP,6905,67-2735-3-28-121,ACTIVE,73 TB,41505,41505,41505,41505,42894,42894,42904,42919,42983,43001,43002,43005,43005,43037,43040,43010,1
67,Farmar,Rig Crew 1,FARMAR 11/6/19 AFE//7500//B1//2050,B3,2050,7500,Q8JADATB00,FARMAR AH PU S712HM,1,PAD 44.12,1,1,B3 HGOR,71/72,100,73.333819,1PDP,5301,57-1658-3-34-152,ACTIVE,71 TB,41505,41505,41505,41505,42951,42951,42975,42993,43155,43171,43172,43175,43186,43202,43219,43189,1
68,Farmar,Rig Crew 1,FARMAR 11/6/19 AFE//7500//B1//2050,B1,2050,7500,Q8JADDCA00,FARMAR AH PU S711HU,1,PAD 44.12,1,1,B1 HGOR,71/72,100,73.333819,1PDP,7448,41-1615-3-44-152,ACTIVE,71 TB,41505,41505,41505,41505,42952,42952,42962,42965,43155,43170,43171,43174,43186,43199,43217,43187,1
69,Farmar,Rig Crew 1,FARMAR 11/6/19 AFE//7500//B1//2050,B3,2050,7500,Q8JAD81B00,FARMAR BF PU N895HM,1,PAD 45,1,1,B3 HGOR,89,100,74.164824,1PDP,7112,50-1988-8-18-150,ACTIVE,89 TB,41505,41505,41505,41505,43112,43112,43136,43140,43205,43220,43221,43224,43230,43278,43262,43232,1
70,Farmar,Rig Crew 1,FARMAR 11/6/19 AFE//7500//B1//2050,B1,2050,7500,Q8JAD8OB00,FARMAR BF PU N896HU,1,PAD 45,1,1,B1 HGOR,89,100,74.164824,1PDP,7151,54-2095-8-18-150,ACTIVE,89 TB,41505,41505,41505,41505,43114,43114,43124,43126,43205,43220,43221,43224,43230,43278,43262,43232,1
71,Farmar,Rig Crew 1,FARMAR 11/6/19 AFE//7500//B1//2050,B1,2050,7500,QAFFKC9MWY,HALCOMB A S282HU,1,PAD 46,2,1,B1 LGOR,Non-Farmar 1,100,75,1PDP,7989,62-2452-8-18-151,ACTIVE,HALCOMB A,41505,41505,41505,41505,42921,42921,42935,42936,43224,43244,43245,43248,43252,43315,43293,43263,1
72,Farmar,Rig Crew 1,FARMAR 11/6/19 AFE//7500//B1//2050,B3,2050,7500,QAFFA38O5T,HALCOMB A S284HM,1,PAD 46,2,2,B3 LGOR,Non-Farmar 1,100,75,1PDP,7954,63-2446-8-18-151,ACTIVE,HALCOMB A,41505,41505,41505,41505,42922,42922,42945,42948,43224,43244,43245,43248,43252,43315,43293,43263,1
73,Farmar,Rig Crew 1,FARMAR 11/6/19 AFE//7500//B1//2050,B3,2050,7500,Q8JAD41A00,FARMAR B S124HM,1,PAD 47,4,1,B3 LGOR,North TL,100,75,1PDP,7490,62-2468-8-19-149,ACTIVE,LOW,41505,41505,41505,41505,42998,42998,43013,43014,43302,43322,43363,43366,43373,43412,43407,43383,1
74,Farmar,Rig Crew 1,FARMAR 11/6/19 AFE//7500//B1//2050,B3,2050,7500,Q8JAD86A00,FARMAR B S125HM,1,PAD 47,4,2,B3 LGOR,North TL,100,75,1PDP,7565,61-2419-12-12-151,ACTIVE,LOW,41505,41505,41505,41505,43239,43239,43271,43274,43302,43319,43356,43359,43373,43412,43407,43375,1
75,Farmar,Rig Crew 1,FARMAR 11/6/19 AFE//7500//B1//2050,B1,2050,7500,Q8JAD11A00,FARMAR B N124HU,1,PAD 47,4,3,B1 LGOR,North TL,100,75,1PDP,7440,63-2469-12-12-151,ACTIVE,LOW,41505,41505,41505,41505,42997,42997,43023,43025,43325,43338,43346,43349,43373,43412,43407,43376,1
76,Farmar,Rig Crew 1,FARMAR 11/6/19 AFE//7500//B1//2050,B1,2050,7500,Q8JAD4PA00,FARMAR B N125HU,1,PAD 47,4,4,B1 LGOR,North TL,100,75,1PDP,7577,64-2484-8-18-151,ACTIVE,LOW,41505,41505,41505,41505,43240,43240,43251,43253,43325,43338,43354,43357,43373,43412,43407,43374,1
77,Farmar,Rig Crew 1,FARMAR 11/6/19 AFE//7500//B1//2050,B1,2050,7500,S1CH74SIYM,FARMAR B N527HA,1,PAD 48,1,1,A1 LGOR,69 Spur,100,75,1PDP,7041,60-2500-12-12-150,ACTIVE,52 TB,41505,41505,41505,41505,43317,43317,43340,43342,43371,43388,43391,43397,43419,43447,43457,43427,1
78,Farmar,Rig Crew 1,FARMAR 11/6/19 AFE//7500//B1//2050,B3,2050,7500,S27ILDWJWY,FARMAR BC PU S695HD,1,PAD 48,1,1,C1 MGOR,69 Spur,100,74.16625,1PDP,7639,60-2500-8-18-150,ACTIVE,69 TB,41505,41505,41505,41505,43318,43317,43331,43333,43371,43388,43391,43397,43407,43438,43448,43407,1
79,Farmar,Rig Crew 1,FARMAR 11/6/19 AFE//7500//B1//2050,B3,2050,7500,Q8JAD9VB00,FARMAR D N546HM,1,PAD 49.13,2,1,B3 LGOR,East TL,100,75,1PDP,7643,63-2395-8-18-151,ACTIVE,HIGH,41505,41505,41505,41505,43348,43348,43374,43376,43406,43421,43422,43428,43433,43461,43471,43435,1
80,Farmar,Rig Crew 1,FARMAR 11/6/19 AFE//7500//B1//2050,B3,2050,7500,Q8JAD9WB00,FARMAR D N548HM,1,PAD 49.13,2,2,B3 LGOR,East TL,100,75,1PDP,7577,63-2444-8-18-151,ACTIVE,HIGH,41505,41505,41505,41505,43349,43348,43360,43376,43406,43421,43422,43428,43434,43461,43471,43436,1
81,Farmar,Rig Crew 1,FARMAR 11/6/19 AFE//7500//B1//2050,B3,2050,7500,Q8JADAIB00,POWERS A PU N142HM,1,PAD 50,2,1,B3 LGOR,Non-Farmar 1,100,75,1PDP,7733,52-2056-10-17-179,ACTIVE,POWERS PU,41505,41505,41505,41505,43374,43374,43405,43432,43452,43470,43474,43480,43483,43495,43585,43488,1
82,Farmar,Rig Crew 1,FARMAR 11/6/19 AFE//7500//B1//2050,B3,2050,10000,Q8JAD6HA00,POWERS B PU N143HM,1,PAD 50,2,2,B3 LGOR,Non-Farmar 1,100,75,1PDP,10241,51-2027-10-17-183,ACTIVE,POWERS PU,41505,41505,41505,41505,43375,43374,43398,43432,43452,43470,43474,43480,43483,43489,43580,43488,1
83,Farmar,Rig Crew 1,FARMAR 11/6/19 AFE//7500//B1//2050,B3,2050,7500,Q8JAD47900,LANGE A N048HM,1,PAD 51,2,1,B3 LGOR,Non-Farmar 2,100,75,1PDP,6548,51-2034-10-17-182,ACTIVE,LANGE,41505,41505,41505,41505,43280,43280,43311,43312,43482,43493,43496,43504,43509,43531,43481,43512,1
84,Farmar,Rig Crew 1,FARMAR 11/6/19 AFE//7500//B1//2050,B1,2050,7500,Q8JADAOB00,LANGE A N047HU,1,PAD 51,2,2,B1 LGOR,Non-Farmar 2,100,75,1PDP,6700,51-2059-10-17-181,ACTIVE,LANGE,41505,41505,41505,41505,43281,43280,43293,43312,43482,43493,43496,43504,43509,43531,43480,43510,1
85,Farmar,Rig Crew 1,FARMAR 11/6/19 AFE//7500//B1//2050,B3,2050,7500,S1CG5E3OFZ,LANGE AC PU N046HM,1,PAD 52,2,1,B3 LGOR,Non-Farmar 2,100,75,1PDP,7024,51-2074-10-17-180,ACTIVE,LANGE PU,41505,41505,41505,41505,43437,43437,43452,43468,43488,43504,43510,43515,43515,43531,43595,43520,1
86,Farmar,Rig Crew 1,FARMAR 11/6/19 AFE//7500//B1//2050,B3,2050,7500,Q8JAD40900,LANGE A N041HM,1,PAD 52,2,2,B3 LGOR,Non-Farmar 2,100,75,1PDP,6847,52-2060-10-17-180,ACTIVE,LANGE,43389,41505,43383,41505,43454,43437,43468,43468,43488,43504,43509,43515,43515,43531,43580,43520,1
87,Farmar,Rig Crew 1,FARMAR 11/6/19 AFE//7500//B1//2050,B1,2050,7500,Q8JAD0KA00,FARMAR AD PU N118HU,1,PAD 53,3,1,B1 LGOR,North TL,100,75,1PDP,7711,50-2054-10-16-179,ACTIVE,11 PU TB,43445,41505,43294,41505,43471,43471,43479,43500,43525,43542,43544,43553,43558,43577,43643,43569,1
88,Farmar,Rig Crew 1,FARMAR 11/6/19 AFE//7500//B1//2050,B1,2050,7500,Q8JADBLB00,FARMAR AD PU N117HU,1,PAD 53,3,2,B1 LGOR,North TL,100,75,1PDP,7682,51-2020-10-17-183,ACTIVE,11 PU TB,43445,41505,43441,41505,43480,43471,43487,43500,43525,43542,43544,43553,43558,43577,43643,43570,1
89,Farmar,Rig Crew 1,FARMAR 11/6/19 AFE//7500//B1//2050,B1,2050,7500,Q8JADBIB00,FARMAR AC PU N116HU,1,PAD 53,3,3,B1 LGOR,North TL,100,75,1PDP,7646,51-2039-10-17-183,ACTIVE,11 PU TB,43445,41505,43294,41505,43488,43471,43500,43500,43525,43542,43544,43553,43558,43577,43643,43574,1
90,Farmar,Rig Crew 1,FARMAR 11/6/19 AFE//7500//B1//2050,B3,2050,7500,S27ILD6IRY,FARMAR A N502HD,1,PAD 54,4,1,C1 LGOR,East TL,100,75,1PDP,7624,53-2046-10-17-181,ACTIVE,50 TB,43492,41505,43472,41505,43503,43502,43514,43555,43596,43621,43622,43638,43642,43671,43705,43657,1
91,Farmar,Rig Crew 1,FARMAR 11/6/19 AFE//7500//B1//2050,B3,2050,7500,Q8JADBSB00,FARMAR A N503HM,1,PAD 54,4,2,B3 LGOR,East TL,100,75,1PDP,7605,52-1999-10-17-181,ACTIVE,50 TB,43492,41505,43473,41505,43517,43502,43528,43555,43596,43621,43622,43638,43642,43671,43705,43661,1
92,Farmar,Rig Crew 1,FARMAR 11/6/19 AFE//7500//B1//2050,B1,2050,7500,S1CH6JEU5M,FARMAR A N501HA,1,PAD 54,4,3,A1 LGOR,East TL,100,75,1PDP,7396,52-2090-08-20-176,ACTIVE,50 TB,43492,41505,43472,41505,43531,43502,43538,43555,43596,43621,43622,43638,43642,43671,43705,43654,1
93,Farmar,Rig Crew 1,FARMAR 11/6/19 AFE//7500//B1//2050,B3,2050,7500,Q8JADBPB00,FARMAR A N501HM,1,PAD 54,4,4,B3 LGOR,East TL,100,75,1PDP,7605,53-2025-10-15-181,ACTIVE,50 TB,43492,41505,43472,41505,43541,43502,43555,43555,43596,43621,43622,43638,43642,43671,43705,43658,1
94,Farmar,Rig Crew 1,GENERIC - FARMAR + 5%//10000//GENERIC//2050,B1,2050,10000,Q8JAD3WA00,POWERS C PU N145HU,1,PAD 55,2,1,NEW B1 LGOR,Non-Farmar 1,100,75,1PDP,10100,50-2000-10-18-180,ACTIVE,POWERS PU,43514,41505,43482,43527.6,43558,43558,43567,43581,43760,43772,43774,43778,43783,43804,43731,43784,1
95,Farmar,Rig Crew 1,GENERIC - FARMAR + 5%//10000//GENERIC//2050,B1,2050,10000,Q8JADANB00,POWERS C PU N146HU,1,PAD 55,2,2,NEW B1 LGOR,Non-Farmar 1,100,75,1PDP,10100,50-2000-10-18-180,ACTIVE,POWERS PU,43514,41505,43482,43527.6,43569,43558,43581,43581,43760,43772,43773,43781,43783,43804,43731,43784,1
96,Farmar,Rig Crew 1,GENERIC - FARMAR + 5%//10000//GENERIC//2050,B1,2050,10000,Q8JAD1OA00,FARMAR C S534HU,1,PAD 56,4,1,B1 LGOR,53 Spur,100,75,1PDP,11700,50-2000-10-18-180,ACTIVE,S53 TB,43570,43464.4,43494.8,43555.6,43586,43586,43598,43650,43664,43695,43701,43712,43717,43766,43800,43721,1
97,Farmar,Rig Crew 1,GENERIC - FARMAR + 5%//10000//GENERIC//2050,B3,2050,10000,Q8JAD5E900,FARMAR C S531HM,1,PAD 56,4,2,B3 LGOR,53 Spur,100,75,1PDP,11700,50-2000-10-18-180,ACTIVE,S53 TB,43570,43464.4,43494.8,43555.6,43598,43586,43613,43650,43664,43695,43696,43712,43717,43766,43800,43718,1
98,Farmar,Rig Crew 1,GENERIC - FARMAR + 5%//10000//GENERIC//2050,B3,2050,10000,Q8JAD97A00,FARMAR C S535HM,1,PAD 56,4,3,B3 LGOR,53 Spur,100,75,1PDP,11700,50-2000-10-18-180,ACTIVE,S53 TB,43570,43464.4,43494.8,43555.6,43614,43586,43629,43650,43664,43695,43706,43709,43717,43766,43799,43718,1
99,Farmar,Rig Crew 1,GENERIC - FARMAR + 5%//10000//GENERIC//2050,B3,2050,10000,Q8JAD5IA00,FARMAR C S537HM,1,PAD 56,4,4,B3 LGOR,53 Spur,100,75,1PDP,11700,50-2000-10-18-180,ACTIVE,S53 TB,43570,43464.4,43494.8,43555.6,43630,43586,43642,43650,43664,43695,43709,43714,43717,43766,43800,43718,1
100,Farmar,Rig Crew 1,WANORECK A PU N131HM,GENERIC,2050,10100,QACEOQFQ1V,WANORECK A PU N131HM,1,PAD 57,3,1,PDP,Non-Farmar 1,100,75,1PDP,10100,50-2000-10-18-180,ACTIVE,WANORECK PU,43733,43661,43698,43693,43767,43767,43785,43825,43832,43854,43857,43871,43873,43891,43961,43874,1
101,Farmar,Rig Crew 1,WANORECK B PU N133HM,GENERIC,2050,10100,QACF4QQ0O7,WANORECK B PU N133HM,1,PAD 57,3,2,PDP,Non-Farmar 1,100,75,1PDP,10100,50-2000-10-18-180,ACTIVE,WANORECK PU,43733,43661,43699,43693,43789,43767,43805,43825,43832,43854,43857,43871,43873,43891,43961,43874,1
102,Farmar,Rig Crew 1,WANORECK B PU N134HM,GENERIC,2050,10100,QACF5KD1QZ,WANORECK B PU N134HM,1,PAD 57,3,3,PDP,Non-Farmar 1,100,75,1PDP,10100,50-2000-10-18-180,ACTIVE,WANORECK PU,43733,43661,43699,43693,43809,43767,43822,43825,43832,43854,43857,43871,43873,43891,43961,43873,1
104,Farmar,Rig Crew 1,HALCOMB A S271HU,GENERIC,2050,10300,QAFF6IPJCG,HALCOMB A S271HU,1,PAD 58,2,1,PDP,Non-Farmar 1,100,75,1PDP,10300,50-2000-10-18-180,ACTIVE,HALCOMB A,43804,43707.4,43725,43798.6,43829,43829,43837,43869,44048,44060,44062,44068,44083,44097,44019,44097,1
106,Farmar,Rig Crew 1,HALCOMB A S288HM,GENERIC,2050,8900,QAFFKDRG3Y,HALCOMB A S288HM,1,PAD 58,2,2,PDP,Non-Farmar 1,100,75,1PDP,8900,50-2000-10-18-180,ACTIVE,HALCOMB A,43804,43707.4,43725,43798.6,43838,43829,43849,43869,43904,43914,43917,43923,43924,43938,44013,43925,1
110,Farmar,Rig Crew 1,HALCOMB A S287HU,GENERIC,2050,8900,QAFF611RFL,HALCOMB A S287HU,1,PAD 58,2,1,PDP,Non-Farmar 1,100,75,1PDP,8900,50-2000-10-18-180,ACTIVE,HALCOMB A,43804,43707.4,43725,43798.6,43851,43829,43856,43869,44048,44060,44062,44068,44070,44097,44019,44071,1
111,Farmar,Rig Crew 1,HALCOMB A S286HD,GENERIC,2050,8900,S15KAQG2EF,HALCOMB A S286HD,1,PAD 58,2,2,PDP,Non-Farmar 1,100,75,1PDP,8900,50-2000-10-18-180,ACTIVE,HALCOMB A,43804,43707.4,43725,43798.6,43859,43829,43866,43869,43904,43914,43917,43923,43924,43938,44013,43925,1
112,Farmar,Rig Crew 1,HALCOMB A S273HU,GENERIC,2050,10300,QAFFKDPG7Y,HALCOMB A S273HU,1,PAD 59.34,3,1,PDP,Non-Farmar 1,100,75,1PDP,10300,50-2000-10-18-180,ACTIVE,HALCOMB A,43851,43751.4,43754,43842.6,43873,43873,43878,43902,44063,44082,44084,44094,44097,44127,44052,44098,1
113,Farmar,Rig Crew 1,HALCOMB A S274HM,GENERIC,2050,10300,S15KAPS6NE,HALCOMB A S274HM,1,PAD 59.34,3,2,PDP,Non-Farmar 1,100,75,1PDP,10300,50-2000-10-18-180,ACTIVE,HALCOMB A,43851,43751.4,43754,43842.6,43881,43873,43891,43902,44063,44082,44084,44090,44097,44127,44052,44097,1
114,Farmar,Rig Crew 1,HALCOMB A S274HA,GENERIC,2050,10300,S1CH7O9KIM,HALCOMB A S274HA,1,PAD 59.34,3,3,PDP,Non-Farmar 1,100,75,1PDP,10300,45-2000-8-22-180,ACTIVE,HALCOMB A,43851,43751.4,43754,43842.6,43894,43873,43899,43902,44063,44082,44084,44087,44097,44127,44052,44125,1
115,Munson,Rig Crew 1,MUNSON C 2001H,GENERIC,2050,10000,S33GBKWT5I,MUNSON C 2001H,2,PAD 60,1,1,MUNSON,N/A,100,75,DUC,10000,40-1600-10-18-180,WOC,MUNSON 28,42005,42005,42005,42005,42005,42005,42005,42005,80848,80858.5,80859.5,80862.5,80863.5,80893.5,42005,,1
116,Munson,Rig Crew 1,MUNSON C S284HM,GENERIC,2050,8000,VAMI9FNR9I,MUNSON C S284HM,1,PAD 61,3,1,PDP,N/A,100,75,1PDP,8000,50-2000-10-18-180,DRILLING,MUNSON 28,44127,42005,44119,42005,44139,44139,44144,44159,44163,44183,44185,44201,44204,44228,44291,44205,1
117,Munson,Rig Crew 1,MUNSON C S285HU,GENERIC,2050,8000,VAMI9COT8M,MUNSON C S285HU,1,PAD 61,3,2,PDP,N/A,100,75,1PDP,8000,50-2000-10-18-180,DRILLING,MUNSON 28,44127,42005,44119,42005,44147,44139,44150,44159,44163,44183,44185,44201,44204,44228,44291,44205,1
118,Munson,Rig Crew 1,MUNSON C S286HM,GENERIC,2050,8000,VAMI969U7M,MUNSON C S286HM,1,PAD 61,3,3,PDP,N/A,100,75,1PDP,8000,50-2000-10-18-180,DRILLING,MUNSON 28,44127,42005,44119,42005,44152,44139,44157,44159,44163,44183,44185,44201,44204,44228,44291,44206,1
119,Farmar,Rig Crew 1,FARMAR DD S548HM,B3,2050,9400,Q8JAD37900,FARMAR DD S548HM,2,PAD 62,4,1,NEW B3 LGOR,East TL,100,75,2PDNP,9400,50-2000-10-18-180,WOC,SAT 54 TB,43902,43784.4,43859,43875.6,43906,43906,43917,43920,44252,44277,44282,44295,44296,44326,44070,,1
120,Farmar,Rig Crew 1,FARMAR DC S545HM,B3,2050,9400,Q8JAD91B00,FARMAR DC S545HM,2,PAD 62,4,2,NEW B3 LGOR,East TL,100,75,4PUD,9400,50-2000-10-18-180,FUTURE,SAT 54 TB,43902,44041.4,44071.8,44132.6,44163,44163,44169,44189,44252,44277,44282,44295,44296,44326,44339,,1
121,Farmar,Rig Crew 1,FARMAR DB S544HU,B1,2050,9400,QAFHP17O5Y,FARMAR DB S544HU,2,PAD 62,4,3,NEW B1 LGOR,East TL,100,75,4PUD,9400,50-2000-10-18-180,FUTURE,SAT 54 TB,43902,44041.4,44071.8,44132.6,44171,44163,44175,44189,44263,44277,44282,44295,44296,44326,44339,,1
122,Farmar,Rig Crew 1,FARMAR DA S541HM,B3,2050,9400,Q8JAD5OA00,FARMAR DA S541HM,2,PAD 62,4,4,NEW B3 LGOR,East TL,100,75,4PUD,9400,50-2000-10-18-180,FUTURE,SAT 54 TB,43902,44041.4,44071.8,44132.6,44177,44163,44184,44189,44263,44277,44282,44295,44296,44326,44339,,1
123,Munson,Rig Crew 1,MUNSON C N283HU,GENERIC,2050,7460,AAAAAA,MUNSON C N284HM,2,PAD 63,4,1,MUNSON,N/A,100,75,4PUD,8000,50-2000-10-18-180,WOC,MUNSON 28,44286.8,44256.4,44286.8,44347.6,44378,44378,44390,44426,44431,44455,44456,44468,44469,44499,44558,,0
124,Munson,Rig Crew 1,MUNSON C N284HM,GENERIC,2050,7460,BBBBB,MUNSON C N285HU,2,PAD 63,4,2,MUNSON,N/A,100,75,4PUD,8000,50-2000-10-18-180,WOC,MUNSON 28,44286.8,44256.4,44286.8,44347.6,44390,44378,44402,44426,44431,44455,44456,44468,44469,44499,44558,,0
125,Munson,Rig Crew 1,MUNSON C N285HU,GENERIC,2050,7548,CCCC,MUNSON C N286HM,2,PAD 63,4,3,MUNSON,N/A,100,75,4PUD,8000,50-2000-10-18-180,WOC,MUNSON 28,44286.8,44256.4,44286.8,44347.6,44402,44378,44414,44426,44442,44455,44456,44468,44469,44499,44558,,0
126,Munson,Rig Crew 1,MUNSON C N286HM,GENERIC,2050,7732,DDDD,MUNSON C N287HM,2,PAD 63,4,4,MUNSON,N/A,100,75,4PUD,8000,50-2000-10-18-180,WOC,MUNSON 28,44286.8,44256.4,44286.8,44347.6,44414,44378,44426,44426,44442,44455,44456,44468,44469,44499,44558,,0
127,Foreland I,Rig Crew 1,Foreland I DUC 1,GENERIC,2050,10000,AAAAAA,Foreland I DUC 1,2,PAD F1,4,1,MUNSON-10k,N/A,100,75,DUC,10000,50-2000-10-18-180,WOC,FORELAND I TB,42005,42005,42005,42005,42005,42005,42005,42005,44378,44402,44403,44415,44416,44446,42095,,0
128,Foreland I,Rig Crew 1,Foreland I DUC 2,GENERIC,2050,10000,BBBBB,Foreland I DUC 2,2,PAD F1,4,2,MUNSON-10k,N/A,100,75,DUC,10000,50-2000-10-18-180,WOC,FORELAND I TB,42005,42005,42005,42005,42005,42005,42005,42005,44378,44402,44403,44415,44416,44446,42095,,0
129,Foreland I,Rig Crew 1,Foreland I DUC 3,GENERIC,2050,10000,CCCC,Foreland I DUC 3,2,PAD F1,4,3,MUNSON-10k,N/A,100,75,DUC,10000,50-2000-10-18-180,WOC,FORELAND I TB,42005,42005,42005,42005,42005,42005,42005,42005,44389,44402,44403,44415,44416,44446,42095,,0
130,Foreland I,Rig Crew 1,Foreland I DUC 4,GENERIC,2050,10000,DDDD,Foreland I DUC 4,2,PAD F1,4,4,MUNSON-10k,N/A,100,75,DUC,10000,50-2000-10-18-180,WOC,FORELAND I TB,42005,42005,42005,42005,42005,42005,42005,42005,44389,44402,44403,44415,44416,44446,42095,,0
131,Foreland I,Rig Crew 1,Foreland I DUC 5,GENERIC,2050,10000,AAAAAA,Foreland I DUC 5,2,PAD F2,4,1,MUNSON-10k,N/A,100,75,DUC,10000,50-2000-10-18-180,WOC,FORELAND I TB,42005,42005,42005,42005,42005,42005,42005,42005,44477,44501,44502,44514,44515,44545,42095,,0
132,Foreland I,Rig Crew 1,Foreland I DUC 6,GENERIC,2050,10000,BBBBB,Foreland I DUC 6,2,PAD F2,4,2,MUNSON-10k,N/A,100,75,DUC,10000,50-2000-10-18-180,WOC,FORELAND I TB,42005,42005,42005,42005,42005,42005,42005,42005,44477,44501,44502,44514,44515,44545,42095,,0
133,Foreland I,Rig Crew 1,Foreland I DUC 7,GENERIC,2050,10000,CCCC,Foreland I DUC 7,2,PAD F2,4,3,MUNSON-10k,N/A,100,75,DUC,10000,50-2000-10-18-180,WOC,FORELAND I TB,42005,42005,42005,42005,42005,42005,42005,42005,44488,44501,44502,44514,44515,44545,42095,,0
134,Farmar,Rig Crew 1,FARMAR CB PU N734HU,B3,2050,7600,EEEE,FARMAR CB PU N731HM,2,PAD 64,4,1,NEW B3 LGOR,East TL,100,75,4PUD,7600,50-2000-10-18-180,FUTURE,S73 TB,44423.8,44393.4,44423.8,44484.6,44515,44515,44527,44563,44568,44592,44593,44605,44606,44636,44695,,
135,Farmar,Rig Crew 1,FARMAR CC PU N735HM,B1,2050,7600,FFFFF,FARMAR CC PU N734HU,2,PAD 64,4,2,NEW B1 LGOR,East TL,100,75,4PUD,7600,50-2000-10-18-180,FUTURE,S73 TB,44423.8,44393.4,44423.8,44484.6,44527,44515,44539,44563,44568,44592,44593,44605,44606,44636,44695,,
136,Farmar,Rig Crew 1,FARMAR CC PU N736HU,B3,2050,7600,GGGGG,FARMAR CC PU N735HM,2,PAD 64,4,3,NEW B3 LGOR,East TL,100,75,4PUD,7600,50-2000-10-18-180,FUTURE,S73 TB,44423.8,44393.4,44423.8,44484.6,44539,44515,44551,44563,44580,44592,44593,44605,44606,44636,44695,,
137,Farmar,Rig Crew 1,FARMAR CD PU N738HU,B1,2050,7600,HHHHH,FARMAR CD PU N738HU,2,PAD 64,4,4,NEW B1 LGOR,East TL,100,75,4PUD,7600,50-2000-10-18-180,FUTURE,S73 TB,44423.8,44393.4,44423.8,44484.6,44551,44515,44563,44563,44580,44592,44593,44605,44606,44636,44695,,
138,Ganador,Rig Crew 1,GENERIC - GANADOR,GENERIC,2050,#REF!,GGGGG,Ganador//GEN 1,3,GGGGG,4,1,GANADOR,GENERIC,100,75,4PUD,#REF!,50-2000-10-18-180,FUTURE,GANADOR TB,44377,44346,44377,44437,44468,44467,44478,44508,44513,44557,44558,44570,44571,44601,44558,44571,
139,Ganador,Rig Crew 1,GENERIC - GANADOR,GENERIC,2050,#REF!,GGGGG,Ganador//GEN 2,3,GGGGG,4,2,GANADOR,GENERIC,100,75,4PUD,#REF!,50-2000-10-18-180,FUTURE,GANADOR TB,44387,44356,44387,44447,44478,44477,44488,44508,44513,44557,44558,44570,44571,44601,44568,44571,
140,Ganador,Rig Crew 1,GENERIC - GANADOR,GENERIC,2050,#REF!,GGGGG,Ganador//GEN 3,3,GGGGG,4,3,GANADOR,GENERIC,100,75,4PUD,#REF!,50-2000-10-18-180,FUTURE,GANADOR TB,44397,44366,44397,44457,44488,44487,44498,44508,44513,44557,44558,44570,44571,44601,44578,44571,
141,Ganador,Rig Crew 1,GENERIC - GANADOR,GENERIC,2050,#REF!,GGGGG,Ganador//GEN 4,3,GGGGG,4,4,GANADOR,GENERIC,100,75,4PUD,#REF!,50-2000-10-18-180,FUTURE,GANADOR TB,44407,44376,44407,44467,44498,44497,44508,44508,44513,44557,44558,44570,44571,44601,44588,44571,
142,Ganador,Rig Crew 1,GENERIC - GANADOR,GENERIC,2050,#REF!,GGGGG,Ganador//GEN 5,3,GGGGG,4,1,GANADOR,GENERIC,100,75,4PUD,#REF!,50-2000-10-18-180,FUTURE,GANADOR TB,44507,44476,44507,44567,44598,44597,44608,44638,44643,44687,44688,44700,44701,44731,44688,44701,
143,Ganador,Rig Crew 1,GENERIC - GANADOR,GENERIC,2050,#REF!,GGGGG,Ganador//GEN 6,3,GGGGG,4,2,GANADOR,GENERIC,100,75,4PUD,#REF!,50-2000-10-18-180,FUTURE,GANADOR TB,44517,44486,44517,44577,44608,44607,44618,44638,44643,44687,44688,44700,44701,44731,44698,44701,
144,Ganador,Rig Crew 1,GENERIC - GANADOR,GENERIC,2050,#REF!,GGGGG,Ganador//GEN 7,3,GGGGG,4,3,GANADOR,GENERIC,100,75,4PUD,#REF!,50-2000-10-18-180,FUTURE,GANADOR TB,44527,44496,44527,44587,44618,44617,44628,44638,44643,44687,44688,44700,44701,44731,44708,44701,
145,Ganador,Rig Crew 1,GENERIC - GANADOR,GENERIC,2050,#REF!,GGGGG,Ganador//GEN 8,3,GGGGG,4,4,GANADOR,GENERIC,100,75,4PUD,#REF!,50-2000-10-18-180,FUTURE,GANADOR TB,44537,44506,44537,44597,44628,44627,44638,44638,44643,44687,44688,44700,44701,44731,44718,44701,
146,LeasingII,Rig Crew 1,B3 - FARMAR 10K,B3,2050,#REF!,LLLLL,LeasingII//GEN 1,3,LLLLL,4,1,NEW B3 LGOR,GENERIC,100,75,4PUD,#REF!,50-2000-10-18-180,FUTURE,LEASINGII TB,44637,44606,44637,44697,44728,44727,44738,44768,44773,44817,44818,44830,44831,44861,44818,44831,
147,LeasingII,Rig Crew 1,B3 - FARMAR 10K,B3,2050,#REF!,LLLLL,LeasingII//GEN 2,3,LLLLL,4,2,NEW B3 LGOR,GENERIC,100,75,4PUD,#REF!,50-2000-10-18-180,FUTURE,LEASINGII TB,44647,44616,44647,44707,44738,44737,44748,44768,44773,44817,44818,44830,44831,44861,44828,44831,
148,LeasingII,Rig Crew 1,B3 - FARMAR 10K,B3,2050,#REF!,LLLLL,LeasingII//GEN 3,3,LLLLL,4,3,NEW B3 LGOR,GENERIC,100,75,4PUD,#REF!,50-2000-10-18-180,FUTURE,LEASINGII TB,44657,44626,44657,44717,44748,44747,44758,44768,44773,44817,44818,44830,44831,44861,44838,44831,
149,LeasingII,Rig Crew 1,B3 - FARMAR 10K,B3,2050,#REF!,LLLLL,LeasingII//GEN 4,3,LLLLL,4,4,NEW B3 LGOR,GENERIC,100,75,4PUD,#REF!,50-2000-10-18-180,FUTURE,LEASINGII TB,44667,44636,44667,44727,44758,44757,44768,44768,44773,44817,44818,44830,44831,44861,44848,44831,
150,Ganador,Rig Crew 1,GENERIC - GANADOR,GENERIC,2050,#REF!,GGGGG,Ganador//GEN 9,3,GGGGG,4,1,GANADOR,GENERIC,100,75,4PUD,#REF!,50-2000-10-18-180,FUTURE,GANADOR TB,44767,44736,44767,44827,44858,44857,44868,44898,44903,44947,44948,44960,44961,44991,44948,44961,
151,Ganador,Rig Crew 1,GENERIC - GANADOR,GENERIC,2050,#REF!,GGGGG,Ganador//GEN 10,3,GGGGG,4,2,GANADOR,GENERIC,100,75,4PUD,#REF!,50-2000-10-18-180,FUTURE,GANADOR TB,44777,44746,44777,44837,44868,44867,44878,44898,44903,44947,44948,44960,44961,44991,44958,44961,
152,Ganador,Rig Crew 1,GENERIC - GANADOR,GENERIC,2050,#REF!,GGGGG,Ganador//GEN 11,3,GGGGG,4,3,GANADOR,GENERIC,100,75,4PUD,#REF!,50-2000-10-18-180,FUTURE,GANADOR TB,44787,44756,44787,44847,44878,44877,44888,44898,44903,44947,44948,44960,44961,44991,44968,44961,
153,Ganador,Rig Crew 1,GENERIC - GANADOR,GENERIC,2050,#REF!,GGGGG,Ganador//GEN 12,3,GGGGG,4,4,GANADOR,GENERIC,100,75,4PUD,#REF!,50-2000-10-18-180,FUTURE,GANADOR TB,44797,44766,44797,44857,44888,44887,44898,44898,44903,44947,44948,44960,44961,44991,44978,44961,
154,Ganador,Rig Crew 1,GENERIC - GANADOR,GENERIC,2050,#REF!,GGGGG,Ganador//GEN 13,3,GGGGG,4,1,GANADOR,GENERIC,100,75,4PUD,#REF!,50-2000-10-18-180,FUTURE,GANADOR TB,44897,44866,44897,44957,44988,44987,44998,45028,45033,45077,45078,45090,45091,45121,45078,45091,
155,Ganador,Rig Crew 1,GENERIC - GANADOR,GENERIC,2050,#REF!,GGGGG,Ganador//GEN 14,3,GGGGG,4,2,GANADOR,GENERIC,100,75,4PUD,#REF!,50-2000-10-18-180,FUTURE,GANADOR TB,44907,44876,44907,44967,44998,44997,45008,45028,45033,45077,45078,45090,45091,45121,45088,45091,
156,Ganador,Rig Crew 1,GENERIC - GANADOR,GENERIC,2050,#REF!,GGGGG,Ganador//GEN 15,3,GGGGG,4,3,GANADOR,GENERIC,100,75,4PUD,#REF!,50-2000-10-18-180,FUTURE,GANADOR TB,44917,44886,44917,44977,45008,45007,45018,45028,45033,45077,45078,45090,45091,45121,45098,45091,
157,Ganador,Rig Crew 1,GENERIC - GANADOR,GENERIC,2050,#REF!,GGGGG,Ganador//GEN 16,3,GGGGG,4,4,GANADOR,GENERIC,100,75,4PUD,#REF!,50-2000-10-18-180,FUTURE,GANADOR TB,44927,44896,44927,44987,45018,45017,45028,45028,45033,45077,45078,45090,45091,45121,45108,45091,
158,LeasingII,Rig Crew 1,B3 - FARMAR 10K,B3,2050,#REF!,LLLLL,LeasingII//GEN 5,3,LLLLL,4,1,NEW B3 LGOR,GENERIC,100,75,4PUD,#REF!,50-2000-10-18-180,FUTURE,LEASINGII TB,45027,44996,45027,45087,45118,45117,45128,45158,45163,45207,45208,45220,45221,45251,45208,45221,
159,LeasingII,Rig Crew 1,B3 - FARMAR 10K,B3,2050,#REF!,LLLLL,LeasingII//GEN 6,3,LLLLL,4,2,NEW B3 LGOR,GENERIC,100,75,4PUD,#REF!,50-2000-10-18-180,FUTURE,LEASINGII TB,45037,45006,45037,45097,45128,45127,45138,45158,45163,45207,45208,45220,45221,45251,45218,45221,
160,LeasingII,Rig Crew 1,B3 - FARMAR 10K,B3,2050,#REF!,LLLLL,LeasingII//GEN 7,3,LLLLL,4,3,NEW B3 LGOR,GENERIC,100,75,4PUD,#REF!,50-2000-10-18-180,FUTURE,LEASINGII TB,45047,45016,45047,45107,45138,45137,45148,45158,45163,45207,45208,45220,45221,45251,45228,45221,
161,LeasingII,Rig Crew 1,B3 - FARMAR 10K,B3,2050,#REF!,LLLLL,LeasingII//GEN 8,3,LLLLL,4,4,NEW B3 LGOR,GENERIC,100,75,4PUD,#REF!,50-2000-10-18-180,FUTURE,LEASINGII TB,45057,45026,45057,45117,45148,45147,45158,45158,45163,45207,45208,45220,45221,45251,45238,45221,
162,Ganador,Rig Crew 1,GENERIC - GANADOR,GENERIC,2050,#REF!,GGGGG,Ganador//GEN 17,3,GGGGG,4,1,GANADOR,GENERIC,100,75,4PUD,#REF!,50-2000-10-18-180,FUTURE,GANADOR TB,45157,45126,45157,45217,45248,45247,45258,45288,45293,45337,45338,45350,45351,45381,45338,45351,
163,Ganador,Rig Crew 1,GENERIC - GANADOR,GENERIC,2050,#REF!,GGGGG,Ganador//GEN 18,3,GGGGG,4,2,GANADOR,GENERIC,100,75,4PUD,#REF!,50-2000-10-18-180,FUTURE,GANADOR TB,45167,45136,45167,45227,45258,45257,45268,45288,45293,45337,45338,45350,45351,45381,45348,45351,
164,Ganador,Rig Crew 1,GENERIC - GANADOR,GENERIC,2050,#REF!,GGGGG,Ganador//GEN 19,3,GGGGG,4,3,GANADOR,GENERIC,100,75,4PUD,#REF!,50-2000-10-18-180,FUTURE,GANADOR TB,45177,45146,45177,45237,45268,45267,45278,45288,45293,45337,45338,45350,45351,45381,45358,45351,
165,Ganador,Rig Crew 1,GENERIC - GANADOR,GENERIC,2050,#REF!,GGGGG,Ganador//GEN 20,3,GGGGG,4,4,GANADOR,GENERIC,100,75,4PUD,#REF!,50-2000-10-18-180,FUTURE,GANADOR TB,45187,45156,45187,45247,45278,45277,45288,45288,45293,45337,45338,45350,45351,45381,45368,45351,
166,Ganador,Rig Crew 1,GENERIC - GANADOR,GENERIC,2050,#REF!,GGGGG,Ganador//GEN 21,3,GGGGG,4,1,GANADOR,GENERIC,100,75,4PUD,#REF!,50-2000-10-18-180,FUTURE,GANADOR TB,45287,45256,45287,45347,45378,45377,45388,45418,45423,45467,45468,45480,45481,45511,45468,45481,
167,Ganador,Rig Crew 1,GENERIC - GANADOR,GENERIC,2050,#REF!,GGGGG,Ganador//GEN 22,3,GGGGG,4,2,GANADOR,GENERIC,100,75,4PUD,#REF!,50-2000-10-18-180,FUTURE,GANADOR TB,45297,45266,45297,45357,45388,45387,45398,45418,45423,45467,45468,45480,45481,45511,45478,45481,
168,Ganador,Rig Crew 1,GENERIC - GANADOR,GENERIC,2050,#REF!,GGGGG,Ganador//GEN 23,3,GGGGG,4,3,GANADOR,GENERIC,100,75,4PUD,#REF!,50-2000-10-18-180,FUTURE,GANADOR TB,45307,45276,45307,45367,45398,45397,45408,45418,45423,45467,45468,45480,45481,45511,45488,45481,
169,Ganador,Rig Crew 1,GENERIC - GANADOR,GENERIC,2050,#REF!,GGGGG,Ganador//GEN 24,3,GGGGG,4,4,GANADOR,GENERIC,100,75,4PUD,#REF!,50-2000-10-18-180,FUTURE,GANADOR TB,45317,45286,45317,45377,45408,45407,45418,45418,45423,45467,45468,45480,45481,45511,45498,45481,
170,LeasingII,Rig Crew 1,B3 - FARMAR 10K,B3,2050,#REF!,LLLLL,LeasingII//GEN 9,3,LLLLL,4,1,NEW B3 LGOR,GENERIC,100,75,4PUD,#REF!,50-2000-10-18-180,FUTURE,LEASINGII TB,45417,45386,45417,45477,45508,45507,45518,45548,45553,45597,45598,45610,45611,45641,45598,45611,
171,LeasingII,Rig Crew 1,B3 - FARMAR 10K,B3,2050,#REF!,LLLLL,LeasingII//GEN 10,3,LLLLL,4,2,NEW B3 LGOR,GENERIC,100,75,4PUD,#REF!,50-2000-10-18-180,FUTURE,LEASINGII TB,45427,45396,45427,45487,45518,45517,45528,45548,45553,45597,45598,45610,45611,45641,45608,45611,
172,LeasingII,Rig Crew 1,B3 - FARMAR 10K,B3,2050,#REF!,LLLLL,LeasingII//GEN 11,3,LLLLL,4,3,NEW B3 LGOR,GENERIC,100,75,4PUD,#REF!,50-2000-10-18-180,FUTURE,LEASINGII TB,45437,45406,45437,45497,45528,45527,45538,45548,45553,45597,45598,45610,45611,45641,45618,45611,
173,LeasingII,Rig Crew 1,B3 - FARMAR 10K,B3,2050,#REF!,LLLLL,LeasingII//GEN 12,3,LLLLL,4,4,NEW B3 LGOR,GENERIC,100,75,4PUD,#REF!,50-2000-10-18-180,FUTURE,LEASINGII TB,45447,45416,45447,45507,45538,45537,45548,45548,45553,45597,45598,45610,45611,45641,45628,45611,
174,Ganador,Rig Crew 1,GENERIC - GANADOR,GENERIC,2050,#REF!,GGGGG,Ganador//GEN 25,3,GGGGG,4,1,GANADOR,GENERIC,100,75,4PUD,#REF!,50-2000-10-18-180,FUTURE,GANADOR TB,45547,45516,45547,45607,45638,45637,45648,45678,45683,45727,45728,45740,45741,45771,45728,45741,
175,Ganador,Rig Crew 1,GENERIC - GANADOR,GENERIC,2050,#REF!,GGGGG,Ganador//GEN 26,3,GGGGG,4,2,GANADOR,GENERIC,100,75,4PUD,#REF!,50-2000-10-18-180,FUTURE,GANADOR TB,45557,45526,45557,45617,45648,45647,45658,45678,45683,45727,45728,45740,45741,45771,45738,45741,
176,Ganador,Rig Crew 1,GENERIC - GANADOR,GENERIC,2050,#REF!,GGGGG,Ganador//GEN 27,3,GGGGG,4,3,GANADOR,GENERIC,100,75,4PUD,#REF!,50-2000-10-18-180,FUTURE,GANADOR TB,45567,45536,45567,45627,45658,45657,45668,45678,45683,45727,45728,45740,45741,45771,45748,45741,
177,Ganador,Rig Crew 1,GENERIC - GANADOR,GENERIC,2050,#REF!,GGGGG,Ganador//GEN 28,3,GGGGG,4,4,GANADOR,GENERIC,100,75,4PUD,#REF!,50-2000-10-18-180,FUTURE,GANADOR TB,45577,45546,45577,45637,45668,45667,45678,45678,45683,45727,45728,45740,45741,45771,45758,45741,
178,Ganador,Rig Crew 1,GENERIC - GANADOR,GENERIC,2050,#REF!,GGGGG,Ganador//GEN 29,3,GGGGG,4,1,GANADOR,GENERIC,100,75,4PUD,#REF!,50-2000-10-18-180,FUTURE,GANADOR TB,45677,45646,45677,45737,45768,45767,45778,45808,45813,45857,45858,45870,45871,45901,45858,45871,
179,Ganador,Rig Crew 1,GENERIC - GANADOR,GENERIC,2050,#REF!,GGGGG,Ganador//GEN 30,3,GGGGG,4,2,GANADOR,GENERIC,100,75,4PUD,#REF!,50-2000-10-18-180,FUTURE,GANADOR TB,45687,45656,45687,45747,45778,45777,45788,45808,45813,45857,45858,45870,45871,45901,45868,45871,
180,Ganador,Rig Crew 1,GENERIC - GANADOR,GENERIC,2050,#REF!,GGGGG,Ganador//GEN 31,3,GGGGG,4,3,GANADOR,GENERIC,100,75,4PUD,#REF!,50-2000-10-18-180,FUTURE,GANADOR TB,45697,45666,45697,45757,45788,45787,45798,45808,45813,45857,45858,45870,45871,45901,45878,45871,
181,Ganador,Rig Crew 1,GENERIC - GANADOR,GENERIC,2050,#REF!,GGGGG,Ganador//GEN 32,3,GGGGG,4,4,GANADOR,GENERIC,100,75,4PUD,#REF!,50-2000-10-18-180,FUTURE,GANADOR TB,45707,45676,45707,45767,45798,45797,45808,45808,45813,45857,45858,45870,45871,45901,45888,45871,
182,LeasingII,Rig Crew 1,B3 - FARMAR 10K,B3,2050,#REF!,LLLLL,LeasingII//GEN 13,3,LLLLL,4,1,NEW B3 LGOR,GENERIC,100,75,4PUD,#REF!,50-2000-10-18-180,FUTURE,LEASINGII TB,45807,45776,45807,45867,45898,45897,45908,45938,45943,45987,45988,46000,46001,46031,45988,46001,
183,LeasingII,Rig Crew 1,B3 - FARMAR 10K,B3,2050,#REF!,LLLLL,LeasingII//GEN 14,3,LLLLL,4,2,NEW B3 LGOR,GENERIC,100,75,4PUD,#REF!,50-2000-10-18-180,FUTURE,LEASINGII TB,45817,45786,45817,45877,45908,45907,45918,45938,45943,45987,45988,46000,46001,46031,45998,46001,
184,LeasingII,Rig Crew 1,B3 - FARMAR 10K,B3,2050,#REF!,LLLLL,LeasingII//GEN 15,3,LLLLL,4,3,NEW B3 LGOR,GENERIC,100,75,4PUD,#REF!,50-2000-10-18-180,FUTURE,LEASINGII TB,45827,45796,45827,45887,45918,45917,45928,45938,45943,45987,45988,46000,46001,46031,46008,46001,
185,LeasingII,Rig Crew 1,B3 - FARMAR 10K,B3,2050,#REF!,LLLLL,LeasingII//GEN 16,3,LLLLL,4,4,NEW B3 LGOR,GENERIC,100,75,4PUD,#REF!,50-2000-10-18-180,FUTURE,LEASINGII TB,45837,45806,45837,45897,45928,45927,45938,45938,45943,45987,45988,46000,46001,46031,46018,46001,
186,Ganador,Rig Crew 1,GENERIC - GANADOR,GENERIC,2050,#REF!,GGGGG,Ganador//GEN 33,3,GGGGG,4,1,GANADOR,GENERIC,100,75,4PUD,#REF!,50-2000-10-18-180,FUTURE,GANADOR TB,45937,45906,45937,45997,46028,46027,46038,46068,46073,46117,46118,46130,46131,46161,46118,46131,
187,Ganador,Rig Crew 1,GENERIC - GANADOR,GENERIC,2050,#REF!,GGGGG,Ganador//GEN 34,3,GGGGG,4,2,GANADOR,GENERIC,100,75,4PUD,#REF!,50-2000-10-18-180,FUTURE,GANADOR TB,45947,45916,45947,46007,46038,46037,46048,46068,46073,46117,46118,46130,46131,46161,46128,46131,
188,Ganador,Rig Crew 1,GENERIC - GANADOR,GENERIC,2050,#REF!,GGGGG,Ganador//GEN 35,3,GGGGG,4,3,GANADOR,GENERIC,100,75,4PUD,#REF!,50-2000-10-18-180,FUTURE,GANADOR TB,45957,45926,45957,46017,46048,46047,46058,46068,46073,46117,46118,46130,46131,46161,46138,46131,
189,Ganador,Rig Crew 1,GENERIC - GANADOR,GENERIC,2050,#REF!,GGGGG,Ganador//GEN 36,3,GGGGG,4,4,GANADOR,GENERIC,100,75,4PUD,#REF!,50-2000-10-18-180,FUTURE,GANADOR TB,45967,45936,45967,46027,46058,46057,46068,46068,46073,46117,46118,46130,46131,46161,46148,46131,
190,Ganador,Rig Crew 1,GENERIC - GANADOR,GENERIC,2050,#REF!,GGGGG,Ganador//GEN 37,3,GGGGG,4,1,GANADOR,GENERIC,100,75,4PUD,#REF!,50-2000-10-18-180,FUTURE,GANADOR TB,46067,46036,46067,46127,46158,46157,46168,46198,46203,46247,46248,46260,46261,46291,46248,46261,
191,Ganador,Rig Crew 1,GENERIC - GANADOR,GENERIC,2050,#REF!,GGGGG,Ganador//GEN 38,3,GGGGG,4,2,GANADOR,GENERIC,100,75,4PUD,#REF!,50-2000-10-18-180,FUTURE,GANADOR TB,46077,46046,46077,46137,46168,46167,46178,46198,46203,46247,46248,46260,46261,46291,46258,46261,
192,Ganador,Rig Crew 1,GENERIC - GANADOR,GENERIC,2050,#REF!,GGGGG,Ganador//GEN 39,3,GGGGG,4,3,GANADOR,GENERIC,100,75,4PUD,#REF!,50-2000-10-18-180,FUTURE,GANADOR TB,46087,46056,46087,46147,46178,46177,46188,46198,46203,46247,46248,46260,46261,46291,46268,46261,
193,Ganador,Rig Crew 1,GENERIC - GANADOR,GENERIC,2050,#REF!,GGGGG,Ganador//GEN 40,3,GGGGG,4,4,GANADOR,GENERIC,100,75,4PUD,#REF!,50-2000-10-18-180,FUTURE,GANADOR TB,46097,46066,46097,46157,46188,46187,46198,46198,46203,46247,46248,46260,46261,46291,46278,46261,
194,LeasingII,Rig Crew 1,B3 - FARMAR 10K,B3,2050,#REF!,LLLLL,LeasingII//GEN 17,3,LLLLL,4,1,NEW B3 LGOR,GENERIC,100,75,4PUD,#REF!,50-2000-10-18-180,FUTURE,LEASINGII TB,46197,46166,46197,46257,46288,46287,46298,46328,46333,46377,46378,46390,46391,46421,46378,46391,
195,LeasingII,Rig Crew 1,B3 - FARMAR 10K,B3,2050,#REF!,LLLLL,LeasingII//GEN 18,3,LLLLL,4,2,NEW B3 LGOR,GENERIC,100,75,4PUD,#REF!,50-2000-10-18-180,FUTURE,LEASINGII TB,46207,46176,46207,46267,46298,46297,46308,46328,46333,46377,46378,46390,46391,46421,46388,46391,
196,LeasingII,Rig Crew 1,B3 - FARMAR 10K,B3,2050,#REF!,LLLLL,LeasingII//GEN 19,3,LLLLL,4,3,NEW B3 LGOR,GENERIC,100,75,4PUD,#REF!,50-2000-10-18-180,FUTURE,LEASINGII TB,46217,46186,46217,46277,46308,46307,46318,46328,46333,46377,46378,46390,46391,46421,46398,46391,
197,LeasingII,Rig Crew 1,B3 - FARMAR 10K,B3,2050,#REF!,LLLLL,LeasingII//GEN 20,3,LLLLL,4,4,NEW B3 LGOR,GENERIC,100,75,4PUD,#REF!,50-2000-10-18-180,FUTURE,LEASINGII TB,46227,46196,46227,46287,46318,46317,46328,46328,46333,46377,46378,46390,46391,46421,46408,46391,
198,Ganador,Rig Crew 1,GENERIC - GANADOR,GENERIC,2050,#REF!,GGGGG,Ganador//GEN 41,3,GGGGG,4,1,GANADOR,GENERIC,100,75,4PUD,#REF!,50-2000-10-18-180,FUTURE,GANADOR TB,46327,46296,46327,46387,46418,46417,46428,46458,46463,46507,46508,46520,46521,46551,46508,46521,
199,Ganador,Rig Crew 1,GENERIC - GANADOR,GENERIC,2050,#REF!,GGGGG,Ganador//GEN 42,3,GGGGG,4,2,GANADOR,GENERIC,100,75,4PUD,#REF!,50-2000-10-18-180,FUTURE,GANADOR TB,46337,46306,46337,46397,46428,46427,46438,46458,46463,46507,46508,46520,46521,46551,46518,46521,
200,Ganador,Rig Crew 1,GENERIC - GANADOR,GENERIC,2050,#REF!,GGGGG,Ganador//GEN 43,3,GGGGG,4,3,GANADOR,GENERIC,100,75,4PUD,#REF!,50-2000-10-18-180,FUTURE,GANADOR TB,46347,46316,46347,46407,46438,46437,46448,46458,46463,46507,46508,46520,46521,46551,46528,46521,
201,Ganador,Rig Crew 1,GENERIC - GANADOR,GENERIC,2050,#REF!,GGGGG,Ganador//GEN 44,3,GGGGG,4,4,GANADOR,GENERIC,100,75,4PUD,#REF!,50-2000-10-18-180,FUTURE,GANADOR TB,46357,46326,46357,46417,46448,46447,46458,46458,46463,46507,46508,46520,46521,46551,46538,46521,
202,Ganador,Rig Crew 1,GENERIC - GANADOR,GENERIC,2050,#REF!,GGGGG,Ganador//GEN 45,3,GGGGG,4,1,GANADOR,GENERIC,100,75,4PUD,#REF!,50-2000-10-18-180,FUTURE,GANADOR TB,46457,46426,46457,46517,46548,46547,46558,46588,46593,46637,46638,46650,46651,46681,46638,46651,
203,Ganador,Rig Crew 1,GENERIC - GANADOR,GENERIC,2050,#REF!,GGGGG,Ganador//GEN 46,3,GGGGG,4,2,GANADOR,GENERIC,100,75,4PUD,#REF!,50-2000-10-18-180,FUTURE,GANADOR TB,46467,46436,46467,46527,46558,46557,46568,46588,46593,46637,46638,46650,46651,46681,46648,46651,
204,Ganador,Rig Crew 1,GENERIC - GANADOR,GENERIC,2050,#REF!,GGGGG,Ganador//GEN 47,3,GGGGG,4,3,GANADOR,GENERIC,100,75,4PUD,#REF!,50-2000-10-18-180,FUTURE,GANADOR TB,46477,46446,46477,46537,46568,46567,46578,46588,46593,46637,46638,46650,46651,46681,46658,46651,
205,Ganador,Rig Crew 1,GENERIC - GANADOR,GENERIC,2050,#REF!,GGGGG,Ganador//GEN 48,3,GGGGG,4,4,GANADOR,GENERIC,100,75,4PUD,#REF!,50-2000-10-18-180,FUTURE,GANADOR TB,46487,46456,46487,46547,46578,46577,46588,46588,46593,46637,46638,46650,46651,46681,46668,46651,
206,LeasingII,Rig Crew 1,B3 - FARMAR 10K,B3,2050,#REF!,LLLLL,LeasingII//GEN 21,3,LLLLL,4,1,NEW B3 LGOR,GENERIC,100,75,4PUD,#REF!,50-2000-10-18-180,FUTURE,LEASINGII TB,46587,46556,46587,46647,46678,46677,46688,46718,46723,46767,46768,46780,46781,46811,46768,46781,
207,LeasingII,Rig Crew 1,B3 - FARMAR 10K,B3,2050,#REF!,LLLLL,LeasingII//GEN 22,3,LLLLL,4,2,NEW B3 LGOR,GENERIC,100,75,4PUD,#REF!,50-2000-10-18-180,FUTURE,LEASINGII TB,46597,46566,46597,46657,46688,46687,46698,46718,46723,46767,46768,46780,46781,46811,46778,46781,
208,LeasingII,Rig Crew 1,B3 - FARMAR 10K,B3,2050,#REF!,LLLLL,LeasingII//GEN 23,3,LLLLL,4,3,NEW B3 LGOR,GENERIC,100,75,4PUD,#REF!,50-2000-10-18-180,FUTURE,LEASINGII TB,46607,46576,46607,46667,46698,46697,46708,46718,46723,46767,46768,46780,46781,46811,46788,46781,
209,LeasingII,Rig Crew 1,B3 - FARMAR 10K,B3,2050,#REF!,LLLLL,LeasingII//GEN 24,3,LLLLL,4,4,NEW B3 LGOR,GENERIC,100,75,4PUD,#REF!,50-2000-10-18-180,FUTURE,LEASINGII TB,46617,46586,46617,46677,46708,46707,46718,46718,46723,46767,46768,46780,46781,46811,46798,46781,
210,Ganador,Rig Crew 1,GENERIC - GANADOR,GENERIC,2050,#REF!,GGGGG,Ganador//GEN 49,3,GGGGG,4,1,GANADOR,GENERIC,100,75,4PUD,#REF!,50-2000-10-18-180,FUTURE,GANADOR TB,46717,46686,46717,46777,46808,46807,46818,46848,46853,46897,46898,46910,46911,46941,46898,46911,
211,Ganador,Rig Crew 1,GENERIC - GANADOR,GENERIC,2050,#REF!,GGGGG,Ganador//GEN 50,3,GGGGG,4,2,GANADOR,GENERIC,100,75,4PUD,#REF!,50-2000-10-18-180,FUTURE,GANADOR TB,46727,46696,46727,46787,46818,46817,46828,46848,46853,46897,46898,46910,46911,46941,46908,46911,
212,Ganador,Rig Crew 1,GENERIC - GANADOR,GENERIC,2050,#REF!,GGGGG,Ganador//GEN 51,3,GGGGG,4,3,GANADOR,GENERIC,100,75,4PUD,#REF!,50-2000-10-18-180,FUTURE,GANADOR TB,46737,46706,46737,46797,46828,46827,46838,46848,46853,46897,46898,46910,46911,46941,46918,46911,
213,Ganador,Rig Crew 1,GENERIC - GANADOR,GENERIC,2050,#REF!,GGGGG,Ganador//GEN 52,3,GGGGG,4,4,GANADOR,GENERIC,100,75,4PUD,#REF!,50-2000-10-18-180,FUTURE,GANADOR TB,46747,46716,46747,46807,46838,46837,46848,46848,46853,46897,46898,46910,46911,46941,46928,46911,
214,Ganador,Rig Crew 1,GENERIC - GANADOR,GENERIC,2050,#REF!,GGGGG,Ganador//GEN 53,3,GGGGG,4,1,GANADOR,GENERIC,100,75,4PUD,#REF!,50-2000-10-18-180,FUTURE,GANADOR TB,46847,46816,46847,46907,46938,46937,46948,46978,46983,47027,47028,47040,47041,47071,47028,47041,
215,Ganador,Rig Crew 1,GENERIC - GANADOR,GENERIC,2050,#REF!,GGGGG,Ganador//GEN 54,3,GGGGG,4,2,GANADOR,GENERIC,100,75,4PUD,#REF!,50-2000-10-18-180,FUTURE,GANADOR TB,46857,46826,46857,46917,46948,46947,46958,46978,46983,47027,47028,47040,47041,47071,47038,47041,
216,Ganador,Rig Crew 1,GENERIC - GANADOR,GENERIC,2050,#REF!,GGGGG,Ganador//GEN 55,3,GGGGG,4,3,GANADOR,GENERIC,100,75,4PUD,#REF!,50-2000-10-18-180,FUTURE,GANADOR TB,46867,46836,46867,46927,46958,46957,46968,46978,46983,47027,47028,47040,47041,47071,47048,47041,
217,Ganador,Rig Crew 1,GENERIC - GANADOR,GENERIC,2050,#REF!,GGGGG,Ganador//GEN 56,3,GGGGG,4,4,GANADOR,GENERIC,100,75,4PUD,#REF!,50-2000-10-18-180,FUTURE,GANADOR TB,46877,46846,46877,46937,46968,46967,46978,46978,46983,47027,47028,47040,47041,47071,47058,47041,
218,LeasingII,Rig Crew 1,B3 - FARMAR 10K,B3,2050,#REF!,LLLLL,LeasingII//GEN 25,3,LLLLL,4,1,NEW B3 LGOR,GENERIC,100,75,4PUD,#REF!,50-2000-10-18-180,FUTURE,LEASINGII TB,46977,46946,46977,47037,47068,47067,47078,47108,47113,47157,47158,47170,47171,47201,47158,47171,
219,LeasingII,Rig Crew 1,B3 - FARMAR 10K,B3,2050,#REF!,LLLLL,LeasingII//GEN 26,3,LLLLL,4,2,NEW B3 LGOR,GENERIC,100,75,4PUD,#REF!,50-2000-10-18-180,FUTURE,LEASINGII TB,46987,46956,46987,47047,47078,47077,47088,47108,47113,47157,47158,47170,47171,47201,47168,47171,
220,LeasingII,Rig Crew 1,B3 - FARMAR 10K,B3,2050,#REF!,LLLLL,LeasingII//GEN 27,3,LLLLL,4,3,NEW B3 LGOR,GENERIC,100,75,4PUD,#REF!,50-2000-10-18-180,FUTURE,LEASINGII TB,46997,46966,46997,47057,47088,47087,47098,47108,47113,47157,47158,47170,47171,47201,47178,47171,
221,LeasingII,Rig Crew 1,B3 - FARMAR 10K,B3,2050,#REF!,LLLLL,LeasingII//GEN 28,3,LLLLL,4,4,NEW B3 LGOR,GENERIC,100,75,4PUD,#REF!,50-2000-10-18-180,FUTURE,LEASINGII TB,47007,46976,47007,47067,47098,47097,47108,47108,47113,47157,47158,47170,47171,47201,47188,47171,
222,Ganador,Rig Crew 1,GENERIC - GANADOR,GENERIC,2050,#REF!,GGGGG,Ganador//GEN 57,3,GGGGG,4,1,GANADOR,GENERIC,100,75,4PUD,#REF!,50-2000-10-18-180,FUTURE,GANADOR TB,47107,47076,47107,47167,47198,47197,47208,47238,47243,47287,47288,47300,47301,47331,47288,47301,
223,Ganador,Rig Crew 1,GENERIC - GANADOR,GENERIC,2050,#REF!,GGGGG,Ganador//GEN 58,3,GGGGG,4,2,GANADOR,GENERIC,100,75,4PUD,#REF!,50-2000-10-18-180,FUTURE,GANADOR TB,47117,47086,47117,47177,47208,47207,47218,47238,47243,47287,47288,47300,47301,47331,47298,47301,
224,Ganador,Rig Crew 1,GENERIC - GANADOR,GENERIC,2050,#REF!,GGGGG,Ganador//GEN 59,3,GGGGG,4,3,GANADOR,GENERIC,100,75,4PUD,#REF!,50-2000-10-18-180,FUTURE,GANADOR TB,47127,47096,47127,47187,47218,47217,47228,47238,47243,47287,47288,47300,47301,47331,47308,47301,
225,Ganador,Rig Crew 1,GENERIC - GANADOR,GENERIC,2050,#REF!,GGGGG,Ganador//GEN 60,3,GGGGG,4,4,GANADOR,GENERIC,100,75,4PUD,#REF!,50-2000-10-18-180,FUTURE,GANADOR TB,47137,47106,47137,47197,47228,47227,47238,47238,47243,47287,47288,47300,47301,47331,47318,47301,
226,Ganador,Rig Crew 1,GENERIC - GANADOR,GENERIC,2050,#REF!,GGGGG,Ganador//GEN 61,3,GGGGG,4,1,GANADOR,GENERIC,100,75,4PUD,#REF!,50-2000-10-18-180,FUTURE,GANADOR TB,47237,47206,47237,47297,47328,47327,47338,47368,47373,47417,47418,47430,47431,47461,47418,47431,
227,Ganador,Rig Crew 1,GENERIC - GANADOR,GENERIC,2050,#REF!,GGGGG,Ganador//GEN 62,3,GGGGG,4,2,GANADOR,GENERIC,100,75,4PUD,#REF!,50-2000-10-18-180,FUTURE,GANADOR TB,47247,47216,47247,47307,47338,47337,47348,47368,47373,47417,47418,47430,47431,47461,47428,47431,
228,Ganador,Rig Crew 1,GENERIC - GANADOR,GENERIC,2050,#REF!,GGGGG,Ganador//GEN 63,3,GGGGG,4,3,GANADOR,GENERIC,100,75,4PUD,#REF!,50-2000-10-18-180,FUTURE,GANADOR TB,47257,47226,47257,47317,47348,47347,47358,47368,47373,47417,47418,47430,47431,47461,47438,47431,
229,Ganador,Rig Crew 1,GENERIC - GANADOR,GENERIC,2050,#REF!,GGGGG,Ganador//GEN 64,3,GGGGG,4,4,GANADOR,GENERIC,100,75,4PUD,#REF!,50-2000-10-18-180,FUTURE,GANADOR TB,47267,47236,47267,47327,47358,47357,47368,47368,47373,47417,47418,47430,47431,47461,47448,47431,
230,LeasingII,Rig Crew 1,B3 - FARMAR 10K,B3,2050,#REF!,LLLLL,LeasingII//GEN 29,3,LLLLL,4,1,NEW B3 LGOR,GENERIC,100,75,4PUD,#REF!,50-2000-10-18-180,FUTURE,LEASINGII TB,47367,47336,47367,47427,47458,47457,47468,47498,47503,47547,47548,47560,47561,47591,47548,47561,
231,LeasingII,Rig Crew 1,B3 - FARMAR 10K,B3,2050,#REF!,LLLLL,LeasingII//GEN 30,3,LLLLL,4,2,NEW B3 LGOR,GENERIC,100,75,4PUD,#REF!,50-2000-10-18-180,FUTURE,LEASINGII TB,47377,47346,47377,47437,47468,47467,47478,47498,47503,47547,47548,47560,47561,47591,47558,47561,
232,LeasingII,Rig Crew 1,B3 - FARMAR 10K,B3,2050,#REF!,LLLLL,LeasingII//GEN 31,3,LLLLL,4,3,NEW B3 LGOR,GENERIC,100,75,4PUD,#REF!,50-2000-10-18-180,FUTURE,LEASINGII TB,47387,47356,47387,47447,47478,47477,47488,47498,47503,47547,47548,47560,47561,47591,47568,47561,
233,LeasingII,Rig Crew 1,B3 - FARMAR 10K,B3,2050,#REF!,LLLLL,LeasingII//GEN 32,3,LLLLL,4,4,NEW B3 LGOR,GENERIC,100,75,4PUD,#REF!,50-2000-10-18-180,FUTURE,LEASINGII TB,47397,47366,47397,47457,47488,47487,47498,47498,47503,47547,47548,47560,47561,47591,47578,47561,
234,Ganador,Rig Crew 1,GENERIC - GANADOR,GENERIC,2050,#REF!,GGGGG,Ganador//GEN 65,3,GGGGG,4,1,GANADOR,GENERIC,100,75,4PUD,#REF!,50-2000-10-18-180,FUTURE,GANADOR TB,47497,47466,47497,47557,47588,47587,47598,47628,47633,47677,47678,47690,47691,47721,47678,47691,
235,Ganador,Rig Crew 1,GENERIC - GANADOR,GENERIC,2050,#REF!,GGGGG,Ganador//GEN 66,3,GGGGG,4,2,GANADOR,GENERIC,100,75,4PUD,#REF!,50-2000-10-18-180,FUTURE,GANADOR TB,47507,47476,47507,47567,47598,47597,47608,47628,47633,47677,47678,47690,47691,47721,47688,47691,
236,Ganador,Rig Crew 1,GENERIC - GANADOR,GENERIC,2050,#REF!,GGGGG,Ganador//GEN 67,3,GGGGG,4,3,GANADOR,GENERIC,100,75,4PUD,#REF!,50-2000-10-18-180,FUTURE,GANADOR TB,47517,47486,47517,47577,47608,47607,47618,47628,47633,47677,47678,47690,47691,47721,47698,47691,
237,Ganador,Rig Crew 1,GENERIC - GANADOR,GENERIC,2050,#REF!,GGGGG,Ganador//GEN 68,3,GGGGG,4,4,GANADOR,GENERIC,100,75,4PUD,#REF!,50-2000-10-18-180,FUTURE,GANADOR TB,47527,47496,47527,47587,47618,47617,47628,47628,47633,47677,47678,47690,47691,47721,47708,47691,
238,Ganador,Rig Crew 1,GENERIC - GANADOR,GENERIC,2050,#REF!,GGGGG,Ganador//GEN 69,3,GGGGG,4,1,GANADOR,GENERIC,100,75,4PUD,#REF!,50-2000-10-18-180,FUTURE,GANADOR TB,47627,47596,47627,47687,47718,47717,47728,47758,47763,47807,47808,47820,47821,47851,47808,47821,
239,Ganador,Rig Crew 1,GENERIC - GANADOR,GENERIC,2050,#REF!,GGGGG,Ganador//GEN 70,3,GGGGG,4,2,GANADOR,GENERIC,100,75,4PUD,#REF!,50-2000-10-18-180,FUTURE,GANADOR TB,47637,47606,47637,47697,47728,47727,47738,47758,47763,47807,47808,47820,47821,47851,47818,47821,
240,Ganador,Rig Crew 1,GENERIC - GANADOR,GENERIC,2050,#REF!,GGGGG,Ganador//GEN 71,3,GGGGG,4,3,GANADOR,GENERIC,100,75,4PUD,#REF!,50-2000-10-18-180,FUTURE,GANADOR TB,47647,47616,47647,47707,47738,47737,47748,47758,47763,47807,47808,47820,47821,47851,47828,47821,
241,Ganador,Rig Crew 1,GENERIC - GANADOR,GENERIC,2050,#REF!,GGGGG,Ganador//GEN 72,3,GGGGG,4,4,GANADOR,GENERIC,100,75,4PUD,#REF!,50-2000-10-18-180,FUTURE,GANADOR TB,47657,47626,47657,47717,47748,47747,47758,47758,47763,47807,47808,47820,47821,47851,47838,47821,
242,LeasingII,Rig Crew 1,B3 - FARMAR 10K,B3,2050,#REF!,LLLLL,LeasingII//GEN 33,3,LLLLL,4,1,NEW B3 LGOR,GENERIC,100,75,4PUD,#REF!,50-2000-10-18-180,FUTURE,LEASINGII TB,47757,47726,47757,47817,47848,47847,47858,47888,47893,47937,47938,47950,47951,47981,47938,47951,
243,LeasingII,Rig Crew 1,B3 - FARMAR 10K,B3,2050,#REF!,LLLLL,LeasingII//GEN 34,3,LLLLL,4,2,NEW B3 LGOR,GENERIC,100,75,4PUD,#REF!,50-2000-10-18-180,FUTURE,LEASINGII TB,47767,47736,47767,47827,47858,47857,47868,47888,47893,47937,47938,47950,47951,47981,47948,47951,
244,LeasingII,Rig Crew 1,B3 - FARMAR 10K,B3,2050,#REF!,LLLLL,LeasingII//GEN 35,3,LLLLL,4,3,NEW B3 LGOR,GENERIC,100,75,4PUD,#REF!,50-2000-10-18-180,FUTURE,LEASINGII TB,47777,47746,47777,47837,47868,47867,47878,47888,47893,47937,47938,47950,47951,47981,47958,47951,
245,LeasingII,Rig Crew 1,B3 - FARMAR 10K,B3,2050,#REF!,LLLLL,LeasingII//GEN 36,3,LLLLL,4,4,NEW B3 LGOR,GENERIC,100,75,4PUD,#REF!,50-2000-10-18-180,FUTURE,LEASINGII TB,47787,47756,47787,47847,47878,47877,47888,47888,47893,47937,47938,47950,47951,47981,47968,47951,
246,Ganador,Rig Crew 1,GENERIC - GANADOR,GENERIC,2050,#REF!,GGGGG,Ganador//GEN 73,3,GGGGG,4,1,GANADOR,GENERIC,100,75,4PUD,#REF!,50-2000-10-18-180,FUTURE,GANADOR TB,47887,47856,47887,47947,47978,47977,47988,48018,48023,48067,48068,48080,48081,48111,48068,48081,
247,Ganador,Rig Crew 1,GENERIC - GANADOR,GENERIC,2050,#REF!,GGGGG,Ganador//GEN 74,3,GGGGG,4,2,GANADOR,GENERIC,100,75,4PUD,#REF!,50-2000-10-18-180,FUTURE,GANADOR TB,47897,47866,47897,47957,47988,47987,47998,48018,48023,48067,48068,48080,48081,48111,48078,48081,
248,Ganador,Rig Crew 1,GENERIC - GANADOR,GENERIC,2050,#REF!,GGGGG,Ganador//GEN 75,3,GGGGG,4,3,GANADOR,GENERIC,100,75,4PUD,#REF!,50-2000-10-18-180,FUTURE,GANADOR TB,47907,47876,47907,47967,47998,47997,48008,48018,48023,48067,48068,48080,48081,48111,48088,48081,
249,Ganador,Rig Crew 1,GENERIC - GANADOR,GENERIC,2050,#REF!,GGGGG,Ganador//GEN 76,3,GGGGG,4,4,GANADOR,GENERIC,100,75,4PUD,#REF!,50-2000-10-18-180,FUTURE,GANADOR TB,47917,47886,47917,47977,48008,48007,48018,48018,48023,48067,48068,48080,48081,48111,48098,48081,
250,Ganador,Rig Crew 1,GENERIC - GANADOR,GENERIC,2050,#REF!,GGGGG,Ganador//GEN 77,3,GGGGG,4,1,GANADOR,GENERIC,100,75,4PUD,#REF!,50-2000-10-18-180,FUTURE,GANADOR TB,48017,47986,48017,48077,48108,48107,48118,48148,48153,48197,48198,48210,48211,48241,48198,48211,
251,Ganador,Rig Crew 1,GENERIC - GANADOR,GENERIC,2050,#REF!,GGGGG,Ganador//GEN 78,3,GGGGG,4,2,GANADOR,GENERIC,100,75,4PUD,#REF!,50-2000-10-18-180,FUTURE,GANADOR TB,48027,47996,48027,48087,48118,48117,48128,48148,48153,48197,48198,48210,48211,48241,48208,48211,
252,Ganador,Rig Crew 1,GENERIC - GANADOR,GENERIC,2050,#REF!,GGGGG,Ganador//GEN 79,3,GGGGG,4,3,GANADOR,GENERIC,100,75,4PUD,#REF!,50-2000-10-18-180,FUTURE,GANADOR TB,48037,48006,48037,48097,48128,48127,48138,48148,48153,48197,48198,48210,48211,48241,48218,48211,
253,Ganador,Rig Crew 1,GENERIC - GANADOR,GENERIC,2050,#REF!,GGGGG,Ganador//GEN 80,3,GGGGG,4,4,GANADOR,GENERIC,100,75,4PUD,#REF!,50-2000-10-18-180,FUTURE,GANADOR TB,48047,48016,48047,48107,48138,48137,48148,48148,48153,48197,48198,48210,48211,48241,48228,48211,
254,LeasingII,Rig Crew 1,B3 - FARMAR 10K,B3,2050,#REF!,LLLLL,LeasingII//GEN 37,3,LLLLL,4,1,NEW B3 LGOR,GENERIC,100,75,4PUD,#REF!,50-2000-10-18-180,FUTURE,LEASINGII TB,48147,48116,48147,48207,48238,48237,48248,48278,48283,48327,48328,48340,48341,48371,48328,48341,
255,LeasingII,Rig Crew 1,B3 - FARMAR 10K,B3,2050,#REF!,LLLLL,LeasingII//GEN 38,3,LLLLL,4,2,NEW B3 LGOR,GENERIC,100,75,4PUD,#REF!,50-2000-10-18-180,FUTURE,LEASINGII TB,48157,48126,48157,48217,48248,48247,48258,48278,48283,48327,48328,48340,48341,48371,48338,48341,
256,LeasingII,Rig Crew 1,B3 - FARMAR 10K,B3,2050,#REF!,LLLLL,LeasingII//GEN 39,3,LLLLL,4,3,NEW B3 LGOR,GENERIC,100,75,4PUD,#REF!,50-2000-10-18-180,FUTURE,LEASINGII TB,48167,48136,48167,48227,48258,48257,48268,48278,48283,48327,48328,48340,48341,48371,48348,48341,
257,LeasingII,Rig Crew 1,B3 - FARMAR 10K,B3,2050,#REF!,LLLLL,LeasingII//GEN 40,3,LLLLL,4,4,NEW B3 LGOR,GENERIC,100,75,4PUD,#REF!,50-2000-10-18-180,FUTURE,LEASINGII TB,48177,48146,48177,48237,48268,48267,48278,48278,48283,48327,48328,48340,48341,48371,48358,48341,
258,Ganador,Rig Crew 1,GENERIC - GANADOR,GENERIC,2050,#REF!,GGGGG,Ganador//GEN 81,3,GGGGG,4,1,GANADOR,GENERIC,100,75,4PUD,#REF!,50-2000-10-18-180,FUTURE,GANADOR TB,48277,48246,48277,48337,48368,48367,48378,48408,48413,48457,48458,48470,48471,48501,48458,48471,
259,Ganador,Rig Crew 1,GENERIC - GANADOR,GENERIC,2050,#REF!,GGGGG,Ganador//GEN 82,3,GGGGG,4,2,GANADOR,GENERIC,100,75,4PUD,#REF!,50-2000-10-18-180,FUTURE,GANADOR TB,48287,48256,48287,48347,48378,48377,48388,48408,48413,48457,48458,48470,48471,48501,48468,48471,
260,Ganador,Rig Crew 1,GENERIC - GANADOR,GENERIC,2050,#REF!,GGGGG,Ganador//GEN 83,3,GGGGG,4,3,GANADOR,GENERIC,100,75,4PUD,#REF!,50-2000-10-18-180,FUTURE,GANADOR TB,48297,48266,48297,48357,48388,48387,48398,48408,48413,48457,48458,48470,48471,48501,48478,48471,
261,Ganador,Rig Crew 1,GENERIC - GANADOR,GENERIC,2050,#REF!,GGGGG,Ganador//GEN 84,3,GGGGG,4,4,GANADOR,GENERIC,100,75,4PUD,#REF!,50-2000-10-18-180,FUTURE,GANADOR TB,48307,48276,48307,48367,48398,48397,48408,48408,48413,48457,48458,48470,48471,48501,48488,48471,
262,Ganador,Rig Crew 1,GENERIC - GANADOR,GENERIC,2050,#REF!,GGGGG,Ganador//GEN 85,3,GGGGG,4,1,GANADOR,GENERIC,100,75,4PUD,#REF!,50-2000-10-18-180,FUTURE,GANADOR TB,48407,48376,48407,48467,48498,48497,48508,48538,48543,48587,48588,48600,48601,48631,48588,48601,
263,Ganador,Rig Crew 1,GENERIC - GANADOR,GENERIC,2050,#REF!,GGGGG,Ganador//GEN 86,3,GGGGG,4,2,GANADOR,GENERIC,100,75,4PUD,#REF!,50-2000-10-18-180,FUTURE,GANADOR TB,48417,48386,48417,48477,48508,48507,48518,48538,48543,48587,48588,48600,48601,48631,48598,48601,
264,Ganador,Rig Crew 1,GENERIC - GANADOR,GENERIC,2050,#REF!,GGGGG,Ganador//GEN 87,3,GGGGG,4,3,GANADOR,GENERIC,100,75,4PUD,#REF!,50-2000-10-18-180,FUTURE,GANADOR TB,48427,48396,48427,48487,48518,48517,48528,48538,48543,48587,48588,48600,48601,48631,48608,48601,
265,Ganador,Rig Crew 1,GENERIC - GANADOR,GENERIC,2050,#REF!,GGGGG,Ganador//GEN 88,3,GGGGG,4,4,GANADOR,GENERIC,100,75,4PUD,#REF!,50-2000-10-18-180,FUTURE,GANADOR TB,48437,48406,48437,48497,48528,48527,48538,48538,48543,48587,48588,48600,48601,48631,48618,48601,
266,LeasingII,Rig Crew 1,B3 - FARMAR 10K,B3,2050,#REF!,LLLLL,LeasingII//GEN 41,3,LLLLL,4,1,NEW B3 LGOR,GENERIC,100,75,4PUD,#REF!,50-2000-10-18-180,FUTURE,LEASINGII TB,48537,48506,48537,48597,48628,48627,48638,48668,48673,48717,48718,48730,48731,48761,48718,48731,
267,LeasingII,Rig Crew 1,B3 - FARMAR 10K,B3,2050,#REF!,LLLLL,LeasingII//GEN 42,3,LLLLL,4,2,NEW B3 LGOR,GENERIC,100,75,4PUD,#REF!,50-2000-10-18-180,FUTURE,LEASINGII TB,48547,48516,48547,48607,48638,48637,48648,48668,48673,48717,48718,48730,48731,48761,48728,48731,
268,LeasingII,Rig Crew 1,B3 - FARMAR 10K,B3,2050,#REF!,LLLLL,LeasingII//GEN 43,3,LLLLL,4,3,NEW B3 LGOR,GENERIC,100,75,4PUD,#REF!,50-2000-10-18-180,FUTURE,LEASINGII TB,48557,48526,48557,48617,48648,48647,48658,48668,48673,48717,48718,48730,48731,48761,48738,48731,
269,LeasingII,Rig Crew 1,B3 - FARMAR 10K,B3,2050,#REF!,LLLLL,LeasingII//GEN 44,3,LLLLL,4,4,NEW B3 LGOR,GENERIC,100,75,4PUD,#REF!,50-2000-10-18-180,FUTURE,LEASINGII TB,48567,48536,48567,48627,48658,48657,48668,48668,48673,48717,48718,48730,48731,48761,48748,48731,
270,Ganador,Rig Crew 1,GENERIC - GANADOR,GENERIC,2050,#REF!,GGGGG,Ganador//GEN 89,3,GGGGG,4,1,GANADOR,GENERIC,100,75,4PUD,#REF!,50-2000-10-18-180,FUTURE,GANADOR TB,48667,48636,48667,48727,48758,48757,48768,48798,48803,48847,48848,48860,48861,48891,48848,48861,
271,Ganador,Rig Crew 1,GENERIC - GANADOR,GENERIC,2050,#REF!,GGGGG,Ganador//GEN 90,3,GGGGG,4,2,GANADOR,GENERIC,100,75,4PUD,#REF!,50-2000-10-18-180,FUTURE,GANADOR TB,48677,48646,48677,48737,48768,48767,48778,48798,48803,48847,48848,48860,48861,48891,48858,48861,
272,LeasingII,Rig Crew 1,B3 - FARMAR 10K,B3,2050,#REF!,GGGGG,LeasingII//GEN 45,3,GGGGG,4,3,NEW B3 LGOR,GENERIC,100,75,4PUD,#REF!,50-2000-10-18-180,FUTURE,LEASINGII TB,48777,48746,48777,48837,48868,48867,48878,48908,48913,48957,48958,48970,48971,49001,48958,48971,
273,LeasingII,Rig Crew 1,B3 - FARMAR 10K,B3,2050,#REF!,GGGGG,LeasingII//GEN 46,3,GGGGG,4,4,NEW B3 LGOR,GENERIC,100,75,4PUD,#REF!,50-2000-10-18-180,FUTURE,LEASINGII TB,48787,48756,48787,48847,48878,48877,48888,48908,48913,48957,48958,48970,48971,49001,48968,48971,
274,LeasingII,Rig Crew 1,B3 - FARMAR 10K,B3,2050,#REF!,GGGGG,LeasingII//GEN 47,3,GGGGG,4,1,NEW B3 LGOR,GENERIC,100,75,4PUD,#REF!,50-2000-10-18-180,FUTURE,LEASINGII TB,48797,48766,48797,48857,48888,48887,48898,48908,48913,48957,48958,48970,48971,49001,48978,48971,
275,LeasingII,Rig Crew 1,B3 - FARMAR 10K,B3,2050,#REF!,GGGGG,LeasingII//GEN 48,3,GGGGG,4,2,NEW B3 LGOR,GENERIC,100,75,4PUD,#REF!,50-2000-10-18-180,FUTURE,LEASINGII TB,48807,48776,48807,48867,48898,48897,48908,48908,48913,48957,48958,48970,48971,49001,48988,48971,
276,LeasingII,Rig Crew 1,B3 - FARMAR 10K,B3,2050,#REF!,GGGGG,LeasingII//GEN 49,3,GGGGG,4,3,NEW B3 LGOR,GENERIC,100,75,4PUD,#REF!,50-2000-10-18-180,FUTURE,LEASINGII TB,48907,48876,48907,48967,48998,48997,49008,49038,49043,49087,49088,49100,49101,49131,49088,49101,
277,LeasingII,Rig Crew 1,B3 - FARMAR 10K,B3,2050,#REF!,GGGGG,LeasingII//GEN 50,3,GGGGG,4,4,NEW B3 LGOR,GENERIC,100,75,4PUD,#REF!,50-2000-10-18-180,FUTURE,LEASINGII TB,48917,48886,48917,48977,49008,49007,49018,49038,49043,49087,49088,49100,49101,49131,49098,49101,
278,LeasingII,Rig Crew 1,B3 - FARMAR 10K,B3,2050,#REF!,LLLLL,LeasingII//GEN 51,3,LLLLL,4,1,NEW B3 LGOR,GENERIC,100,75,4PUD,#REF!,50-2000-10-18-180,FUTURE,LEASINGII TB,48927,48896,48927,48987,49018,49017,49028,49038,49043,49087,49088,49100,49101,49131,49108,49101,
279,LeasingII,Rig Crew 1,B3 - FARMAR 10K,B3,2050,#REF!,LLLLL,LeasingII//GEN 52,3,LLLLL,4,2,NEW B3 LGOR,GENERIC,100,75,4PUD,#REF!,50-2000-10-18-180,FUTURE,LEASINGII TB,48937,48906,48937,48997,49028,49027,49038,49038,49043,49087,49088,49100,49101,49131,49118,49101,
280,LeasingII,Rig Crew 1,B3 - FARMAR 10K,B3,2050,#REF!,LLLLL,LeasingII//GEN 53,3,LLLLL,4,3,NEW B3 LGOR,GENERIC,100,75,4PUD,#REF!,50-2000-10-18-180,FUTURE,LEASINGII TB,49037,49006,49037,49097,49128,49127,49138,49168,49173,49217,49218,49230,49231,49261,49218,49231,
281,LeasingII,Rig Crew 1,B3 - FARMAR 10K,B3,2050,#REF!,LLLLL,LeasingII//GEN 54,3,LLLLL,4,4,NEW B3 LGOR,GENERIC,100,75,4PUD,#REF!,50-2000-10-18-180,FUTURE,LEASINGII TB,49047,49016,49047,49107,49138,49137,49148,49168,49173,49217,49218,49230,49231,49261,49228,49231,
282,LeasingII,Rig Crew 1,B3 - FARMAR 10K,B3,2050,#REF!,LLLLL,LeasingII//GEN 55,3,LLLLL,4,1,NEW B3 LGOR,GENERIC,100,75,4PUD,#REF!,50-2000-10-18-180,FUTURE,LEASINGII TB,49057,49026,49057,49117,49148,49147,49158,49168,49173,49217,49218,49230,49231,49261,49238,49231,
283,LeasingII,Rig Crew 1,B3 - FARMAR 10K,B3,2050,#REF!,LLLLL,LeasingII//GEN 56,3,LLLLL,4,2,NEW B3 LGOR,GENERIC,100,75,4PUD,#REF!,50-2000-10-18-180,FUTURE,LEASINGII TB,49067,49036,49067,49127,49158,49157,49168,49168,49173,49217,49218,49230,49231,49261,49248,49231,
284,LeasingII,Rig Crew 1,B3 - FARMAR 10K,B3,2050,#REF!,LLLLL,LeasingII//GEN 57,3,LLLLL,4,3,NEW B3 LGOR,GENERIC,100,75,4PUD,#REF!,50-2000-10-18-180,FUTURE,LEASINGII TB,49167,49136,49167,49227,49258,49257,49268,49298,49303,49347,49348,49360,49361,49391,49348,49361,
285,LeasingII,Rig Crew 1,B3 - FARMAR 10K,B3,2050,#REF!,LLLLL,LeasingII//GEN 58,3,LLLLL,4,4,NEW B3 LGOR,GENERIC,100,75,4PUD,#REF!,50-2000-10-18-180,FUTURE,LEASINGII TB,49177,49146,49177,49237,49268,49267,49278,49298,49303,49347,49348,49360,49361,49391,49358,49361,
286,LeasingII,Rig Crew 1,B3 - FARMAR 10K,B3,2050,#REF!,LLLLL,LeasingII//GEN 59,3,LLLLL,4,1,NEW B3 LGOR,GENERIC,100,75,4PUD,#REF!,50-2000-10-18-180,FUTURE,LEASINGII TB,49187,49156,49187,49247,49278,49277,49288,49298,49303,49347,49348,49360,49361,49391,49368,49361,
287,LeasingII,Rig Crew 1,B3 - FARMAR 10K,B3,2050,#REF!,LLLLL,LeasingII//GEN 60,3,LLLLL,4,2,NEW B3 LGOR,GENERIC,100,75,4PUD,#REF!,50-2000-10-18-180,FUTURE,LEASINGII TB,49197,49166,49197,49257,49288,49287,49298,49298,49303,49347,49348,49360,49361,49391,49378,49361,
